payment_id,campaign_id,payment_date,payment_mode,payment_status,amount_paid
PAY_001,CMP_076,2023-05-09,Net Banking,Success,194521
PAY_002,CMP_448,2025-02-21,UPI,Success,349187
PAY_003,CMP_742,2024-12-28,UPI,Pending,71482
PAY_004,CMP_653,2025-04-12,UPI,Failed,4165
PAY_005,CMP_674,2022-03-03,UPI,Success,327141
PAY_006,CMP_257,2025-02-04,Wallet,Success,409734
PAY_007,CMP_640,2022-01-21,Net Banking,Failed,9654
PAY_008,CMP_619,2023-03-29,Net Banking,Success,358032
PAY_009,CMP_789,2024-02-10,Net Banking,Success,342313
PAY_010,CMP_797,2024-04-08,Net Banking,,214357
PAY_011,CMP_141,2022-09-07,UPI,Pending,34671
PAY_012,CMP_091,2022-07-07,UPI,Failed,8785
PAY_013,CMP_126,2024-11-06,Net Banking,Pending,9606
PAY_014,CMP_346,2022-03-10,UPI,Success,18598
PAY_015,CMP_237,2025-01-20,Credit Card,Failed,5229
PAY_016,CMP_576,2024-09-01,Wallet,Failed,4554
PAY_017,CMP_124,2024-08-24,Net Banking,Failed,21319
PAY_018,CMP_808,2022-02-28,UPI,Success,35077
PAY_019,CMP_449,2023-06-19,Credit Card,Pending,11215
PAY_020,CMP_650,2022-08-06,Net Banking,Failed,6216
PAY_021,CMP_726,2023-12-31,Net Banking,,28785
PAY_022,CMP_836,2025-02-17,UPI,Success,79088
PAY_023,CMP_337,2023-09-12,UPI,Failed,8773
PAY_024,CMP_840,2024-08-25,Net Banking,Pending,23524
PAY_025,CMP_379,2022-04-28,Wallet,Pending,130870
PAY_026,CMP_274,2022-11-30,Credit Card,Pending,60142
PAY_027,CMP_364,2024-08-10,Net Banking,Success,51248
PAY_028,CMP_537,2022-11-28,Wallet,Pending,28077
PAY_029,CMP_842,2023-03-28,Credit Card,,322904
PAY_030,CMP_849,2023-07-19,UPI,,2978
PAY_031,CMP_386,2023-05-29,Wallet,Success,246066
PAY_032,CMP_794,2024-06-02,Wallet,,262300
PAY_033,CMP_042,2023-11-08,UPI,Failed,752
PAY_034,CMP_098,2024-10-31,Net Banking,,42006
PAY_035,CMP_224,2023-05-01,Credit Card,Failed,28492
PAY_036,CMP_213,2025-02-10,Net Banking,Success,20355
PAY_037,CMP_678,2023-02-10,UPI,Success,112672
PAY_038,CMP_793,2024-09-19,Credit Card,Pending,78235
PAY_039,CMP_694,2024-09-06,UPI,Failed,10587
PAY_040,CMP_344,2022-05-18,UPI,Failed,64042
PAY_041,CMP_866,2023-05-07,Credit Card,Failed,2519
PAY_042,CMP_255,2024-04-02,UPI,Success,423843
PAY_043,CMP_081,2024-08-25,UPI,Pending,127399
PAY_044,CMP_923,2024-09-03,Credit Card,Pending,8241
PAY_045,CMP_775,2024-02-19,Credit Card,Failed,36031
PAY_046,CMP_992,2022-09-19,Wallet,Pending,39753
PAY_047,CMP_103,2023-08-17,Credit Card,Pending,197988
PAY_048,CMP_386,2023-06-23,Net Banking,Failed,44019
PAY_049,CMP_849,2023-07-10,UPI,Pending,29588
PAY_050,CMP_929,2022-10-03,UPI,Success,70375
PAY_051,CMP_760,2023-11-22,Credit Card,,15080
PAY_052,CMP_034,2022-07-20,UPI,,96374
PAY_053,CMP_340,2025-03-08,Net Banking,Success,92701
PAY_054,CMP_548,2023-06-17,Net Banking,Pending,62391
PAY_055,CMP_851,2022-09-02,Credit Card,Failed,14040
PAY_056,CMP_104,2023-09-22,Wallet,Pending,75525
PAY_057,CMP_878,2024-05-10,Credit Card,Failed,53354
PAY_058,CMP_557,2023-06-28,Net Banking,Success,195236
PAY_059,CMP_520,2025-02-16,UPI,Failed,3825
PAY_060,CMP_285,2024-07-13,UPI,,25799
PAY_061,CMP_046,2023-09-18,UPI,Pending,88946
PAY_062,CMP_218,2024-07-23,Wallet,Success,180142
PAY_063,CMP_098,2024-10-05,Net Banking,Failed,12025
PAY_064,CMP_408,2024-05-13,UPI,Success,211844
PAY_065,CMP_256,2025-04-20,UPI,Pending,12833
PAY_066,CMP_747,2024-06-13,UPI,Pending,3868
PAY_067,CMP_574,2025-03-29,Wallet,Success,311964
PAY_068,CMP_631,2023-10-19,UPI,Success,205373
PAY_069,CMP_166,2023-03-22,Wallet,Failed,282
PAY_070,CMP_258,2024-07-08,Wallet,Failed,18694
PAY_071,CMP_784,2023-12-23,Wallet,Pending,205353
PAY_072,CMP_849,2023-06-03,UPI,Success,108371
PAY_073,CMP_456,2023-07-29,UPI,Pending,35533
PAY_074,CMP_474,2023-06-12,Wallet,Success,268180
PAY_075,CMP_620,2022-06-25,UPI,Pending,20635
PAY_076,CMP_337,2023-10-07,UPI,Success,150115
PAY_077,CMP_663,2023-06-25,Credit Card,Pending,225920
PAY_078,CMP_369,2024-10-24,Credit Card,Success,176231
PAY_079,CMP_403,2023-05-19,UPI,Pending,2604
PAY_080,CMP_940,2022-01-09,Net Banking,Pending,76503
PAY_081,CMP_642,2024-06-01,Net Banking,Success,256952
PAY_082,CMP_160,2022-10-20,Credit Card,Failed,25938
PAY_083,CMP_214,2023-10-14,UPI,Failed,10360
PAY_084,CMP_766,2023-06-30,UPI,Failed,10177
PAY_085,CMP_465,2024-06-29,Net Banking,Pending,27938
PAY_086,CMP_231,2022-07-03,Credit Card,Failed,4508
PAY_087,CMP_480,2022-11-10,Wallet,Failed,2584
PAY_088,CMP_134,2022-05-08,UPI,Pending,171435
PAY_089,CMP_382,2024-10-27,UPI,Pending,39240
PAY_090,CMP_720,2024-12-02,UPI,Success,228525
PAY_091,CMP_956,2024-05-06,Net Banking,Pending,20374
PAY_092,CMP_934,2022-12-08,Net Banking,Pending,3450
PAY_093,CMP_258,2024-07-01,Net Banking,,83130
PAY_094,CMP_173,2024-07-12,UPI,Failed,14833
PAY_095,CMP_491,2023-09-01,Net Banking,Pending,55518
PAY_096,CMP_011,2022-12-19,Credit Card,Success,138909
PAY_097,CMP_260,2023-07-01,Wallet,Success,331554
PAY_098,CMP_498,2023-09-25,Credit Card,Success,299758
PAY_099,CMP_663,2023-06-24,Credit Card,Failed,76350
PAY_100,CMP_777,2024-12-16,Net Banking,Success,119917
PAY_101,CMP_340,2025-02-12,Credit Card,Failed,6883
PAY_102,CMP_914,2024-06-30,Credit Card,Pending,53264
PAY_103,CMP_343,2025-01-23,Credit Card,Success,460225
PAY_104,CMP_906,2025-01-28,Net Banking,Success,438390
PAY_105,CMP_142,2023-10-13,Credit Card,Failed,52575
PAY_106,CMP_120,2024-07-02,UPI,Success,58269
PAY_107,CMP_760,2023-11-09,Credit Card,Success,92280
PAY_108,CMP_388,2023-02-21,Net Banking,Failed,11457
PAY_109,CMP_558,2023-10-10,Credit Card,Success,390349
PAY_110,CMP_427,2022-04-16,UPI,Failed,36517
PAY_111,CMP_037,2025-03-19,Wallet,Failed,21020
PAY_112,CMP_275,2024-06-07,UPI,Failed,452
PAY_113,CMP_176,2023-05-16,Net Banking,Success,379227
PAY_114,CMP_344,2022-04-12,Net Banking,Success,369076
PAY_115,CMP_843,2022-10-11,UPI,Failed,28599
PAY_116,CMP_102,2025-02-20,Net Banking,Pending,49828
PAY_117,CMP_091,2022-05-24,UPI,Pending,14288
PAY_118,CMP_904,2025-03-19,Credit Card,Pending,11253
PAY_119,CMP_217,2022-05-16,Net Banking,Failed,9171
PAY_120,CMP_154,2023-07-21,UPI,Pending,111151
PAY_121,CMP_486,2023-11-29,Wallet,Pending,81077
PAY_122,CMP_539,2022-01-30,Net Banking,Failed,45692
PAY_123,CMP_255,2024-06-04,Wallet,Success,367129
PAY_124,CMP_153,2024-05-21,Net Banking,Pending,45620
PAY_125,CMP_308,2022-09-12,Net Banking,Pending,106
PAY_126,CMP_162,2024-02-16,Net Banking,Success,345837
PAY_127,CMP_747,2024-06-07,Credit Card,,28977
PAY_128,CMP_825,2022-05-27,UPI,Failed,5560
PAY_129,CMP_635,2023-04-05,Net Banking,Pending,174025
PAY_130,CMP_598,2022-04-26,Credit Card,Success,417589
PAY_131,CMP_147,2023-05-26,UPI,Success,184639
PAY_132,CMP_614,2024-03-23,UPI,Failed,40060
PAY_133,CMP_682,2023-09-13,Credit Card,Failed,20636
PAY_134,CMP_281,2025-02-13,Credit Card,Failed,26191
PAY_135,CMP_806,2022-02-13,UPI,Pending,1453
PAY_136,CMP_120,2024-07-18,Credit Card,Failed,3585
PAY_137,CMP_610,2025-05-29,Wallet,Pending,67889
PAY_138,CMP_847,2025-03-23,UPI,Pending,65325
PAY_139,CMP_909,2023-10-06,Net Banking,,443273
PAY_140,CMP_576,2024-10-13,Wallet,Failed,10037
PAY_141,CMP_860,2024-06-20,Wallet,Failed,5215
PAY_142,CMP_545,2022-11-28,Net Banking,Failed,8101
PAY_143,CMP_380,2022-09-23,Credit Card,Pending,63517
PAY_144,CMP_387,2024-04-17,Net Banking,Failed,634
PAY_145,CMP_033,2022-10-30,Net Banking,Failed,22010
PAY_146,CMP_192,2023-06-25,Credit Card,Success,89622
PAY_147,CMP_813,2022-07-07,Credit Card,Pending,20028
PAY_148,CMP_398,2022-03-09,Net Banking,Failed,13356
PAY_149,CMP_426,2022-12-22,UPI,Failed,54496
PAY_150,CMP_625,2024-06-25,UPI,Failed,25524
PAY_151,CMP_450,2024-06-12,Wallet,Pending,49857
PAY_152,CMP_433,2024-10-23,Wallet,Failed,39139
PAY_153,CMP_437,2022-06-15,Wallet,Pending,3613
PAY_154,CMP_180,2024-05-19,Wallet,Failed,14281
PAY_155,CMP_055,2023-05-27,Wallet,Failed,44057
PAY_156,CMP_765,2025-04-06,UPI,Failed,4182
PAY_157,CMP_787,2023-08-13,UPI,Failed,4623
PAY_158,CMP_723,2022-09-17,Credit Card,Pending,56179
PAY_159,CMP_823,2023-03-03,Wallet,Success,368095
PAY_160,CMP_317,2022-07-02,Net Banking,Success,98198
PAY_161,CMP_100,2024-03-14,Net Banking,Failed,27627
PAY_162,CMP_094,2023-07-09,UPI,Failed,635
PAY_163,CMP_558,2023-10-14,UPI,Success,447571
PAY_164,CMP_282,2022-08-16,UPI,Success,132781
PAY_165,CMP_107,2024-09-14,Wallet,Success,280556
PAY_166,CMP_501,2022-08-29,Credit Card,Success,289075
PAY_167,CMP_306,2022-02-12,Net Banking,,33586
PAY_168,CMP_546,2022-03-02,UPI,,159186
PAY_169,CMP_256,2025-04-02,UPI,Failed,7084
PAY_170,CMP_182,2023-04-24,Wallet,Pending,177562
PAY_171,CMP_918,2022-05-08,UPI,Pending,25995
PAY_172,CMP_757,2023-10-15,Credit Card,Pending,164427
PAY_173,CMP_343,2024-10-10,Net Banking,Pending,202501
PAY_174,CMP_060,2023-10-20,Net Banking,Pending,5383
PAY_175,CMP_102,2025-03-11,UPI,Failed,48571
PAY_176,CMP_903,2022-11-15,UPI,Pending,44725
PAY_177,CMP_546,2022-04-03,Wallet,Failed,6916
PAY_178,CMP_161,2022-12-29,Credit Card,,60258
PAY_179,CMP_328,2025-04-10,Net Banking,Success,300448
PAY_180,CMP_317,2022-07-22,Net Banking,Failed,14272
PAY_181,CMP_417,2022-07-31,UPI,Success,37750
PAY_182,CMP_388,2023-02-26,Wallet,,7990
PAY_183,CMP_359,2023-08-19,Net Banking,Pending,99349
PAY_184,CMP_828,2022-08-31,Net Banking,Failed,27884
PAY_185,CMP_355,2022-02-25,Net Banking,Failed,13901
PAY_186,CMP_809,2022-11-16,Net Banking,Failed,36655
PAY_187,CMP_964,2024-09-24,Credit Card,Success,163517
PAY_188,CMP_627,2022-06-27,Wallet,Success,147124
PAY_189,CMP_942,2022-07-20,Wallet,Success,469907
PAY_190,CMP_191,2024-03-27,Credit Card,Success,104882
PAY_191,CMP_186,2022-04-24,Net Banking,Pending,31890
PAY_192,CMP_158,2023-06-22,Wallet,Pending,24184
PAY_193,CMP_603,2024-09-09,Wallet,Pending,90113
PAY_194,CMP_299,2022-04-10,Net Banking,Pending,86714
PAY_195,CMP_099,2022-08-23,Net Banking,Failed,35509
PAY_196,CMP_584,2023-06-09,Credit Card,Success,72068
PAY_197,CMP_820,2024-01-27,Credit Card,Success,371237
PAY_198,CMP_344,2022-04-22,Net Banking,,379892
PAY_199,CMP_559,2023-03-18,Net Banking,Pending,99641
PAY_200,CMP_554,2023-09-09,Net Banking,Success,166693
PAY_201,CMP_140,2023-09-03,Credit Card,Failed,1854
PAY_202,CMP_552,2024-11-21,Net Banking,Success,283112
PAY_203,CMP_050,2024-08-06,Wallet,Success,48340
PAY_204,CMP_360,2024-06-16,Wallet,,400241
PAY_205,CMP_722,2022-06-11,Credit Card,Failed,44657
PAY_206,CMP_857,2022-07-08,UPI,,62616
PAY_207,CMP_136,2024-06-28,UPI,Failed,64454
PAY_208,CMP_774,2023-09-21,Credit Card,Pending,14053
PAY_209,CMP_776,2022-08-11,UPI,Pending,19912
PAY_210,CMP_204,2023-10-01,Wallet,Success,48300
PAY_211,CMP_180,2024-07-07,Wallet,Pending,29581
PAY_212,CMP_669,2025-03-19,Wallet,,38974
PAY_213,CMP_727,2024-06-17,UPI,Pending,81399
PAY_214,CMP_297,2024-06-30,Credit Card,Pending,26013
PAY_215,CMP_842,2023-05-01,UPI,Success,277817
PAY_216,CMP_295,2023-05-26,UPI,Success,33196
PAY_217,CMP_794,2024-04-07,Wallet,Success,263644
PAY_218,CMP_407,2022-09-26,Net Banking,Success,398280
PAY_219,CMP_911,2024-08-19,Credit Card,Failed,1166
PAY_220,CMP_491,2023-10-25,Wallet,,12964
PAY_221,CMP_236,2022-04-14,Credit Card,Pending,58932
PAY_222,CMP_315,2022-06-02,Credit Card,Success,123944
PAY_223,CMP_297,2024-07-23,Net Banking,Failed,77993
PAY_224,CMP_431,2023-02-14,Net Banking,Success,16261
PAY_225,CMP_906,2025-03-06,Wallet,Failed,35683
PAY_226,CMP_576,2024-09-23,Wallet,Success,59228
PAY_227,CMP_699,2025-03-27,Net Banking,,19782
PAY_228,CMP_961,2024-04-11,UPI,Success,82247
PAY_229,CMP_038,2025-02-27,UPI,Failed,37764
PAY_230,CMP_686,2024-02-03,Wallet,Success,126820
PAY_231,CMP_632,2022-02-26,Wallet,,255996
PAY_232,CMP_222,2023-02-14,Wallet,Failed,1494
PAY_233,CMP_599,2025-03-16,Net Banking,Failed,10921
PAY_234,CMP_637,2023-07-21,Wallet,Success,190041
PAY_235,CMP_736,2024-11-11,UPI,Pending,52488
PAY_236,CMP_284,2024-04-16,Net Banking,Success,100442
PAY_237,CMP_410,2023-08-07,UPI,Failed,33724
PAY_238,CMP_334,2022-04-12,Wallet,Pending,60552
PAY_239,CMP_868,2022-10-24,Wallet,Success,268014
PAY_240,CMP_779,2024-01-31,Credit Card,Failed,6764
PAY_241,CMP_906,2025-01-10,Net Banking,Pending,34344
PAY_242,CMP_059,2023-07-17,UPI,Pending,63532
PAY_243,CMP_255,2024-03-29,Credit Card,Pending,159612
PAY_244,CMP_366,2024-06-03,UPI,Success,336858
PAY_245,CMP_959,2024-04-07,Credit Card,Failed,6108
PAY_246,CMP_978,2023-07-09,UPI,Success,42387
PAY_247,CMP_686,2024-01-19,Net Banking,Success,127568
PAY_248,CMP_282,2022-10-17,Wallet,,35838
PAY_249,CMP_596,2024-11-25,Wallet,Failed,3993
PAY_250,CMP_286,2024-11-01,Credit Card,Success,261277
PAY_251,CMP_149,2025-03-13,Net Banking,Failed,54387
PAY_252,CMP_601,2023-06-02,Net Banking,Failed,168
PAY_253,CMP_419,2022-01-14,Wallet,Failed,2404
PAY_254,CMP_129,2024-09-13,Wallet,Failed,70592
PAY_255,CMP_922,2022-04-21,Wallet,Failed,18085
PAY_256,CMP_432,2023-04-16,Credit Card,,24727
PAY_257,CMP_061,2024-07-18,Wallet,Failed,15306
PAY_258,CMP_732,2024-02-14,Wallet,Failed,61993
PAY_259,CMP_299,2022-03-30,Credit Card,Pending,207721
PAY_260,CMP_516,2022-07-17,Net Banking,Success,88477
PAY_261,CMP_986,2023-08-12,Wallet,Failed,1633
PAY_262,CMP_379,2022-04-02,Wallet,Pending,37789
PAY_263,CMP_277,2024-03-16,Net Banking,Success,98920
PAY_264,CMP_871,2024-09-30,Wallet,Pending,90794
PAY_265,CMP_327,2022-10-31,Wallet,,27929
PAY_266,CMP_701,2024-02-23,Wallet,Pending,47101
PAY_267,CMP_322,2023-09-12,UPI,Pending,9410
PAY_268,CMP_819,2022-09-14,Credit Card,Pending,9416
PAY_269,CMP_826,2024-02-14,UPI,Success,147115
PAY_270,CMP_765,2025-06-05,Wallet,Pending,13173
PAY_271,CMP_635,2023-03-21,UPI,Pending,78503
PAY_272,CMP_256,2025-03-25,Net Banking,Failed,3677
PAY_273,CMP_212,2022-07-15,Credit Card,Failed,56450
PAY_274,CMP_264,2022-04-04,Credit Card,Pending,108016
PAY_275,CMP_040,2023-05-18,Wallet,Success,289810
PAY_276,CMP_710,2024-08-01,Wallet,,1972
PAY_277,CMP_988,2022-06-24,Net Banking,Success,155401
PAY_278,CMP_524,2023-08-16,UPI,Failed,21851
PAY_279,CMP_902,2022-09-05,Credit Card,Failed,71643
PAY_280,CMP_379,2022-04-10,Net Banking,Failed,45293
PAY_281,CMP_564,2022-05-21,Net Banking,,90480
PAY_282,CMP_317,2022-07-19,Wallet,Failed,6527
PAY_283,CMP_162,2024-03-23,Credit Card,Failed,13979
PAY_284,CMP_805,2023-08-27,Net Banking,Pending,94098
PAY_285,CMP_611,2024-04-12,Wallet,Success,362076
PAY_286,CMP_539,2022-01-27,UPI,Success,256861
PAY_287,CMP_826,2024-03-06,Net Banking,Pending,65107
PAY_288,CMP_837,2023-08-13,Net Banking,Pending,52555
PAY_289,CMP_928,2022-10-14,Net Banking,Pending,12460
PAY_290,CMP_849,2023-06-01,UPI,Pending,6367
PAY_291,CMP_922,2022-04-18,Net Banking,Failed,1093
PAY_292,CMP_794,2024-06-19,Net Banking,,245625
PAY_293,CMP_789,2024-02-16,Credit Card,Pending,108921
PAY_294,CMP_904,2025-02-06,Net Banking,Success,29635
PAY_295,CMP_122,2024-11-13,Net Banking,Pending,119732
PAY_296,CMP_764,2022-10-16,Net Banking,Failed,31578
PAY_297,CMP_015,2025-05-29,Wallet,Failed,7547
PAY_298,CMP_197,2024-04-04,Credit Card,Success,184776
PAY_299,CMP_603,2024-09-25,Wallet,Pending,176791
PAY_300,CMP_733,2025-04-30,Wallet,Failed,5918
PAY_301,CMP_062,2023-11-09,UPI,Failed,70329
PAY_302,CMP_179,2024-04-01,Wallet,Failed,34362
PAY_303,CMP_121,2024-01-23,Credit Card,Failed,7100
PAY_304,CMP_769,2023-05-24,Net Banking,Success,387375
PAY_305,CMP_556,2025-01-30,Wallet,Success,244362
PAY_306,CMP_114,2023-07-22,Wallet,Failed,10637
PAY_307,CMP_917,2023-03-06,UPI,Success,116349
PAY_308,CMP_918,2022-04-26,UPI,Failed,7610
PAY_309,CMP_355,2022-03-04,Wallet,Pending,17781
PAY_310,CMP_702,2022-11-11,Wallet,Failed,17701
PAY_311,CMP_514,2023-09-19,Credit Card,Pending,95236
PAY_312,CMP_618,2024-01-31,Wallet,Failed,3244
PAY_313,CMP_169,2023-12-04,UPI,Failed,36666
PAY_314,CMP_618,2024-01-19,Wallet,Failed,7119
PAY_315,CMP_889,2022-07-10,UPI,Success,489880
PAY_316,CMP_165,2022-03-28,Net Banking,Failed,8920
PAY_317,CMP_185,2023-01-14,Credit Card,Failed,9040
PAY_318,CMP_499,2024-03-19,Credit Card,Failed,6007
PAY_319,CMP_338,2024-11-18,Credit Card,Success,492973
PAY_320,CMP_821,2023-06-14,UPI,Pending,53793
PAY_321,CMP_594,2023-06-16,Credit Card,Success,403280
PAY_322,CMP_990,2023-10-07,UPI,Success,462766
PAY_323,CMP_061,2024-06-29,Net Banking,Success,247341
PAY_324,CMP_479,2023-02-28,UPI,Success,40490
PAY_325,CMP_419,2022-01-05,Credit Card,Success,13703
PAY_326,CMP_440,2023-08-18,Credit Card,Failed,1034
PAY_327,CMP_975,2023-08-20,Wallet,Success,235513
PAY_328,CMP_285,2024-07-08,Wallet,Success,272860
PAY_329,CMP_688,2024-06-05,UPI,Failed,33635
PAY_330,CMP_629,2025-05-27,UPI,Pending,58077
PAY_331,CMP_644,2023-01-31,UPI,Failed,3752
PAY_332,CMP_414,2023-12-12,Wallet,Failed,52640
PAY_333,CMP_022,2025-01-22,Wallet,Failed,2917
PAY_334,CMP_965,2024-04-06,Credit Card,Success,165611
PAY_335,CMP_951,2022-11-08,Net Banking,Success,148153
PAY_336,CMP_873,2024-10-14,Net Banking,Pending,69541
PAY_337,CMP_260,2023-07-26,Wallet,Pending,158709
PAY_338,CMP_215,2022-11-26,Credit Card,Pending,29992
PAY_339,CMP_701,2024-03-09,Wallet,Failed,7487
PAY_340,CMP_842,2023-03-25,Wallet,Failed,26131
PAY_341,CMP_294,2025-01-20,Net Banking,Failed,6992
PAY_342,CMP_982,2023-10-06,Credit Card,Failed,12265
PAY_343,CMP_738,2022-12-25,UPI,Failed,1099
PAY_344,CMP_427,2022-03-06,Net Banking,Success,376502
PAY_345,CMP_425,2022-10-30,Net Banking,Pending,7861
PAY_346,CMP_676,2023-07-05,Wallet,Success,280342
PAY_347,CMP_367,2022-12-17,Net Banking,Failed,5119
PAY_348,CMP_539,2022-01-16,Credit Card,Pending,133015
PAY_349,CMP_835,2023-10-11,Credit Card,Pending,63201
PAY_350,CMP_495,2023-09-03,UPI,Failed,12044
PAY_351,CMP_095,2025-04-30,Credit Card,Failed,75248
PAY_352,CMP_016,2022-10-24,UPI,Pending,40745
PAY_353,CMP_022,2025-02-12,Net Banking,,17908
PAY_354,CMP_319,2025-02-21,Credit Card,Failed,400
PAY_355,CMP_346,2022-03-29,Wallet,Success,18079
PAY_356,CMP_057,2023-04-06,UPI,Success,155786
PAY_357,CMP_874,2022-06-19,Credit Card,Pending,139062
PAY_358,CMP_887,2024-01-14,Net Banking,Failed,3716
PAY_359,CMP_726,2023-09-24,Net Banking,,10211
PAY_360,CMP_737,2022-07-21,UPI,Pending,22270
PAY_361,CMP_297,2024-05-02,UPI,Success,406675
PAY_362,CMP_538,2023-01-15,Wallet,Failed,58079
PAY_363,CMP_407,2022-10-02,Wallet,Pending,115879
PAY_364,CMP_743,2024-06-04,UPI,Success,287643
PAY_365,CMP_383,2023-12-26,Net Banking,Failed,7267
PAY_366,CMP_191,2024-03-30,Wallet,Pending,38871
PAY_367,CMP_901,2023-02-28,UPI,Pending,80850
PAY_368,CMP_093,2024-12-18,UPI,Failed,39277
PAY_369,CMP_788,2023-07-01,Credit Card,Success,337153
PAY_370,CMP_579,2023-05-15,Net Banking,,443555
PAY_371,CMP_666,2024-12-01,Wallet,Success,169122
PAY_372,CMP_391,2024-03-25,Credit Card,Success,404340
PAY_373,CMP_871,2024-10-21,Net Banking,Pending,109229
PAY_374,CMP_074,2023-07-31,Wallet,Failed,2772
PAY_375,CMP_142,2023-08-25,UPI,Failed,60369
PAY_376,CMP_595,2023-02-28,Wallet,Failed,18866
PAY_377,CMP_460,2022-12-06,Net Banking,Failed,54747
PAY_378,CMP_971,2023-08-29,Net Banking,,2733
PAY_379,CMP_258,2024-06-26,Net Banking,Pending,60305
PAY_380,CMP_427,2022-03-07,Credit Card,Failed,13875
PAY_381,CMP_533,2023-02-06,UPI,Pending,52487
PAY_382,CMP_603,2024-08-20,Credit Card,,44500
PAY_383,CMP_562,2022-06-12,UPI,Success,422033
PAY_384,CMP_062,2024-01-14,Net Banking,Pending,50830
PAY_385,CMP_372,2024-04-17,Credit Card,Pending,84599
PAY_386,CMP_228,2023-05-05,Credit Card,Success,37746
PAY_387,CMP_275,2024-04-22,UPI,Pending,5009
PAY_388,CMP_650,2022-08-08,Wallet,Pending,16191
PAY_389,CMP_562,2022-08-05,Wallet,Pending,199197
PAY_390,CMP_778,2023-10-30,Net Banking,Pending,84278
PAY_391,CMP_610,2025-06-06,Credit Card,Pending,41436
PAY_392,CMP_356,2025-04-25,Net Banking,Success,199369
PAY_393,CMP_362,2022-11-29,Net Banking,Pending,460
PAY_394,CMP_468,2022-05-15,Wallet,Success,206132
PAY_395,CMP_610,2025-02-20,Net Banking,Success,197164
PAY_396,CMP_444,2024-02-26,UPI,,56639
PAY_397,CMP_060,2023-12-08,UPI,Failed,15162
PAY_398,CMP_070,2022-03-10,Credit Card,Pending,42718
PAY_399,CMP_407,2022-09-27,Credit Card,Pending,124683
PAY_400,CMP_565,2022-10-20,Net Banking,Success,332227
PAY_401,CMP_993,2022-03-19,UPI,Pending,11308
PAY_402,CMP_724,2022-04-10,Wallet,Pending,57377
PAY_403,CMP_552,2024-11-29,Net Banking,Pending,41614
PAY_404,CMP_640,2022-01-25,Wallet,Failed,6347
PAY_405,CMP_706,2022-10-20,UPI,Failed,88984
PAY_406,CMP_914,2024-07-29,Wallet,Failed,1548
PAY_407,CMP_262,2023-12-29,Credit Card,,5928
PAY_408,CMP_071,2025-01-07,Credit Card,Success,77234
PAY_409,CMP_419,2022-01-17,Wallet,Failed,1270
PAY_410,CMP_459,2023-10-02,UPI,Pending,185816
PAY_411,CMP_289,2023-02-17,Net Banking,Pending,49372
PAY_412,CMP_076,2023-04-23,UPI,Pending,92121
PAY_413,CMP_297,2024-07-04,Net Banking,Pending,110993
PAY_414,CMP_048,2023-06-26,Credit Card,Failed,40483
PAY_415,CMP_695,2025-03-20,Credit Card,Failed,31868
PAY_416,CMP_475,2024-01-25,Net Banking,Success,282489
PAY_417,CMP_908,2022-04-16,UPI,Pending,141497
PAY_418,CMP_435,2022-12-27,Wallet,Pending,17176
PAY_419,CMP_616,2024-02-05,Credit Card,Success,66117
PAY_420,CMP_035,2024-12-22,Wallet,,2863
PAY_421,CMP_264,2022-04-19,Wallet,Pending,62267
PAY_422,CMP_984,2025-02-26,Credit Card,Failed,58841
PAY_423,CMP_182,2023-05-09,Wallet,Success,373715
PAY_424,CMP_003,2022-08-04,Wallet,Failed,74766
PAY_425,CMP_532,2025-03-03,Wallet,Failed,50052
PAY_426,CMP_431,2023-01-09,Credit Card,Success,17407
PAY_427,CMP_578,2022-05-06,Net Banking,Success,140200
PAY_428,CMP_286,2024-11-01,UPI,Success,279762
PAY_429,CMP_273,2024-11-15,Net Banking,Success,292144
PAY_430,CMP_801,2023-12-22,Wallet,Pending,9656
PAY_431,CMP_645,2023-06-24,Net Banking,Success,476868
PAY_432,CMP_161,2022-11-16,Wallet,Failed,1745
PAY_433,CMP_169,2023-11-27,Wallet,Failed,30903
PAY_434,CMP_293,2022-06-16,UPI,Failed,7357
PAY_435,CMP_741,2023-06-29,Net Banking,Success,506574
PAY_436,CMP_842,2023-02-28,Wallet,Success,263889
PAY_437,CMP_622,2022-09-28,Wallet,Pending,122974
PAY_438,CMP_605,2024-03-17,UPI,Success,170572
PAY_439,CMP_658,2025-03-03,Wallet,Success,145482
PAY_440,CMP_328,2025-02-28,Net Banking,Failed,15573
PAY_441,CMP_766,2023-07-07,Wallet,Success,61938
PAY_442,CMP_409,2022-06-12,Wallet,Success,285189
PAY_443,CMP_949,2022-07-30,Credit Card,Pending,2154
PAY_444,CMP_714,2025-03-03,UPI,Failed,14065
PAY_445,CMP_185,2023-02-21,Credit Card,Success,81356
PAY_446,CMP_893,2023-01-10,UPI,Pending,94530
PAY_447,CMP_100,2024-04-02,UPI,Pending,66496
PAY_448,CMP_932,2024-12-28,Wallet,Failed,1426
PAY_449,CMP_281,2025-02-11,Net Banking,Failed,1064
PAY_450,CMP_721,2022-06-14,UPI,Success,137590
PAY_451,CMP_075,2023-09-15,Credit Card,Pending,21791
PAY_452,CMP_621,2022-05-19,Net Banking,Failed,35783
PAY_453,CMP_445,2023-08-14,Wallet,Success,314627
PAY_454,CMP_686,2024-01-26,Credit Card,Failed,20700
PAY_455,CMP_887,2023-12-29,Wallet,Success,22272
PAY_456,CMP_786,2022-10-30,UPI,Failed,13211
PAY_457,CMP_968,2023-11-07,Net Banking,,79958
PAY_458,CMP_226,2024-08-22,Wallet,Failed,17794
PAY_459,CMP_616,2024-02-06,Credit Card,Success,74659
PAY_460,CMP_513,2022-08-08,Net Banking,Failed,6265
PAY_461,CMP_244,2022-12-02,Wallet,Success,76931
PAY_462,CMP_507,2025-03-23,Wallet,Failed,12178
PAY_463,CMP_210,2022-08-06,Wallet,Failed,12243
PAY_464,CMP_209,2024-04-17,Net Banking,Failed,6018
PAY_465,CMP_266,2024-09-23,UPI,Pending,111280
PAY_466,CMP_175,2024-07-25,Credit Card,Pending,107785
PAY_467,CMP_417,2022-08-14,UPI,Failed,2631
PAY_468,CMP_355,2022-02-12,Net Banking,,19375
PAY_469,CMP_882,2024-04-19,Wallet,Pending,188131
PAY_470,CMP_932,2024-12-14,Net Banking,Pending,58183
PAY_471,CMP_967,2025-03-05,Net Banking,Success,111427
PAY_472,CMP_158,2023-06-16,UPI,Failed,4498
PAY_473,CMP_901,2023-02-21,Wallet,Pending,167120
PAY_474,CMP_401,2024-07-15,Credit Card,Pending,210002
PAY_475,CMP_401,2024-06-23,Wallet,Success,477900
PAY_476,CMP_646,2023-08-06,Net Banking,,85849
PAY_477,CMP_447,2022-04-10,Credit Card,Failed,2122
PAY_478,CMP_973,2024-03-23,Net Banking,Failed,12155
PAY_479,CMP_114,2023-06-19,Net Banking,Success,67703
PAY_480,CMP_135,2022-11-14,Net Banking,Failed,85139
PAY_481,CMP_543,2023-10-17,Credit Card,Success,37823
PAY_482,CMP_142,2023-09-24,UPI,Pending,101446
PAY_483,CMP_915,2024-02-14,Credit Card,Failed,1827
PAY_484,CMP_828,2022-11-14,Wallet,Failed,22740
PAY_485,CMP_630,2024-08-30,UPI,Success,418723
PAY_486,CMP_407,2022-10-01,Wallet,,457576
PAY_487,CMP_430,2022-10-09,Net Banking,Pending,83778
PAY_488,CMP_573,2024-10-16,Net Banking,Pending,8882
PAY_489,CMP_812,2025-04-04,Credit Card,Success,201683
PAY_490,CMP_914,2024-08-02,Credit Card,Success,241940
PAY_491,CMP_410,2023-11-02,Wallet,Success,162951
PAY_492,CMP_476,2024-01-05,Net Banking,Failed,36308
PAY_493,CMP_901,2023-02-27,UPI,Pending,34018
PAY_494,CMP_413,2024-10-18,Wallet,Failed,26093
PAY_495,CMP_866,2023-06-02,UPI,Failed,3354
PAY_496,CMP_596,2024-11-20,UPI,Failed,10524
PAY_497,CMP_389,2022-07-05,Net Banking,Failed,33905
PAY_498,CMP_982,2023-07-29,Credit Card,Pending,77042
PAY_499,CMP_386,2023-05-31,UPI,Failed,32955
PAY_500,CMP_005,2024-05-18,Net Banking,Pending,5014
PAY_501,CMP_381,2024-04-02,Credit Card,,174549
PAY_502,CMP_662,2022-02-24,UPI,Pending,9307
PAY_503,CMP_139,2024-09-30,Net Banking,Success,333072
PAY_504,CMP_501,2022-07-26,UPI,Pending,79383
PAY_505,CMP_427,2022-04-29,Credit Card,Pending,44206
PAY_506,CMP_340,2025-02-28,Net Banking,Pending,40925
PAY_507,CMP_932,2024-12-06,Net Banking,Success,135450
PAY_508,CMP_830,2023-10-23,Wallet,Success,243488
PAY_509,CMP_985,2024-04-01,Wallet,Pending,1984
PAY_510,CMP_998,2023-10-20,Net Banking,Pending,75935
PAY_511,CMP_622,2022-10-20,Wallet,Success,487192
PAY_512,CMP_473,2022-06-07,UPI,Failed,2391
PAY_513,CMP_337,2023-08-23,Wallet,Failed,13619
PAY_514,CMP_738,2022-12-11,Credit Card,Success,55510
PAY_515,CMP_108,2022-05-10,Net Banking,Pending,41853
PAY_516,CMP_277,2024-02-29,UPI,Success,114606
PAY_517,CMP_402,2024-08-19,Net Banking,Success,393027
PAY_518,CMP_136,2024-08-16,UPI,,409773
PAY_519,CMP_564,2022-04-07,Wallet,Failed,80658
PAY_520,CMP_999,2024-11-29,Net Banking,Success,367731
PAY_521,CMP_856,2023-11-04,Wallet,Success,366878
PAY_522,CMP_771,2023-09-24,UPI,Failed,16297
PAY_523,CMP_703,2022-08-10,Wallet,Failed,4140
PAY_524,CMP_259,2022-12-28,UPI,Success,438395
PAY_525,CMP_893,2023-01-06,Wallet,Failed,64866
PAY_526,CMP_968,2023-11-18,UPI,,535
PAY_527,CMP_367,2023-01-10,Net Banking,Success,44313
PAY_528,CMP_833,2022-05-06,Wallet,Failed,2965
PAY_529,CMP_790,2024-02-08,Credit Card,Pending,36819
PAY_530,CMP_788,2023-08-16,UPI,Pending,75655
PAY_531,CMP_045,2024-08-04,Net Banking,Pending,118057
PAY_532,CMP_549,2022-05-31,Credit Card,Pending,31145
PAY_533,CMP_891,2024-06-05,Net Banking,Failed,12228
PAY_534,CMP_400,2023-09-12,Credit Card,Failed,18909
PAY_535,CMP_953,2022-02-22,UPI,Pending,52610
PAY_536,CMP_826,2023-11-16,Net Banking,Success,137788
PAY_537,CMP_767,2024-05-27,Credit Card,,119796
PAY_538,CMP_533,2023-02-17,Net Banking,Pending,18321
PAY_539,CMP_603,2024-09-17,Wallet,Failed,21299
PAY_540,CMP_227,2025-04-16,Net Banking,Pending,78442
PAY_541,CMP_115,2023-05-08,Wallet,Pending,34887
PAY_542,CMP_390,2024-10-24,Wallet,Pending,78588
PAY_543,CMP_369,2024-11-07,UPI,Success,156772
PAY_544,CMP_013,2023-10-15,UPI,Pending,20163
PAY_545,CMP_982,2023-09-27,Credit Card,Failed,8700
PAY_546,CMP_113,2024-08-23,Credit Card,Pending,15743
PAY_547,CMP_530,2024-07-13,Wallet,Pending,94526
PAY_548,CMP_026,2023-02-25,UPI,Pending,63490
PAY_549,CMP_791,2023-05-15,Credit Card,Pending,14404
PAY_550,CMP_615,2022-10-09,Wallet,Failed,20558
PAY_551,CMP_119,2023-07-25,Credit Card,Failed,45252
PAY_552,CMP_999,2024-12-20,Wallet,Pending,160295
PAY_553,CMP_791,2023-06-03,UPI,Pending,95342
PAY_554,CMP_709,2025-02-12,Net Banking,Success,411916
PAY_555,CMP_986,2023-09-30,Net Banking,Pending,12347
PAY_556,CMP_051,2022-11-24,Net Banking,Failed,34939
PAY_557,CMP_529,2024-06-15,Wallet,Failed,17325
PAY_558,CMP_070,2022-02-05,Net Banking,Success,112985
PAY_559,CMP_945,2025-02-07,Credit Card,Failed,37880
PAY_560,CMP_928,2022-10-29,Net Banking,Pending,32047
PAY_561,CMP_525,2023-11-11,Net Banking,Failed,2295
PAY_562,CMP_321,2025-02-07,Wallet,Success,184726
PAY_563,CMP_628,2022-09-28,Credit Card,Failed,45237
PAY_564,CMP_055,2023-06-30,UPI,Success,424056
PAY_565,CMP_145,2024-09-23,Net Banking,,42989
PAY_566,CMP_984,2025-02-17,Net Banking,Success,328891
PAY_567,CMP_206,2023-02-24,Credit Card,Success,214650
PAY_568,CMP_371,2022-11-06,Credit Card,Success,171920
PAY_569,CMP_074,2023-08-20,Net Banking,Success,209348
PAY_570,CMP_767,2024-06-11,Credit Card,Failed,6589
PAY_571,CMP_571,2024-11-04,Wallet,Pending,5175
PAY_572,CMP_834,2022-09-19,Credit Card,Failed,3911
PAY_573,CMP_306,2022-02-01,UPI,Failed,18704
PAY_574,CMP_640,2022-01-16,Credit Card,Pending,18813
PAY_575,CMP_670,2024-09-26,UPI,Pending,94780
PAY_576,CMP_716,2025-01-05,Credit Card,Failed,14454
PAY_577,CMP_535,2024-08-11,Credit Card,Failed,32465
PAY_578,CMP_529,2024-05-14,UPI,Success,140539
PAY_579,CMP_287,2025-04-05,Wallet,Failed,29776
PAY_580,CMP_940,2022-01-17,Wallet,Success,168843
PAY_581,CMP_178,2022-05-26,Net Banking,Success,405088
PAY_582,CMP_081,2024-09-04,Net Banking,Pending,120301
PAY_583,CMP_295,2023-05-29,Net Banking,,37419
PAY_584,CMP_995,2023-03-15,Credit Card,Pending,24814
PAY_585,CMP_223,2024-07-14,Wallet,Pending,106296
PAY_586,CMP_912,2025-04-26,Wallet,,5684
PAY_587,CMP_234,2024-03-17,Credit Card,Success,332239
PAY_588,CMP_530,2024-07-07,UPI,Failed,16256
PAY_589,CMP_140,2023-09-14,Wallet,Failed,30870
PAY_590,CMP_020,2023-09-28,Net Banking,Failed,43204
PAY_591,CMP_204,2023-10-07,UPI,Pending,18772
PAY_592,CMP_549,2022-04-25,Credit Card,Pending,94254
PAY_593,CMP_335,2023-11-13,Wallet,Pending,30991
PAY_594,CMP_300,2024-11-19,Net Banking,Success,154972
PAY_595,CMP_112,2022-12-03,Net Banking,Pending,38671
PAY_596,CMP_854,2022-07-23,Credit Card,Success,363720
PAY_597,CMP_844,2024-09-10,Net Banking,Success,202841
PAY_598,CMP_462,2025-03-25,Wallet,Pending,4499
PAY_599,CMP_662,2022-04-17,Credit Card,Pending,26279
PAY_600,CMP_575,2024-09-09,UPI,Success,181484
PAY_601,CMP_622,2022-10-23,Net Banking,,69228
PAY_602,CMP_262,2023-12-02,UPI,Pending,3676
PAY_603,CMP_681,2022-05-02,Credit Card,Pending,52994
PAY_604,CMP_977,2024-09-15,Wallet,Failed,34101
PAY_605,CMP_186,2022-03-18,Wallet,Pending,26922
PAY_606,CMP_204,2023-09-29,UPI,Pending,14597
PAY_607,CMP_253,2022-11-03,Wallet,Success,22654
PAY_608,CMP_366,2024-05-16,Net Banking,Success,355179
PAY_609,CMP_126,2024-09-21,Credit Card,,197
PAY_610,CMP_616,2024-02-08,Net Banking,Success,64094
PAY_611,CMP_453,2025-02-27,UPI,Success,301355
PAY_612,CMP_111,2022-09-20,Wallet,Success,373078
PAY_613,CMP_133,2023-01-24,Credit Card,Failed,53591
PAY_614,CMP_278,2024-11-10,Wallet,Pending,191178
PAY_615,CMP_831,2022-04-09,Wallet,Failed,29395
PAY_616,CMP_880,2024-05-14,Credit Card,Success,206310
PAY_617,CMP_327,2022-12-04,Wallet,Success,136626
PAY_618,CMP_270,2024-01-08,Credit Card,Success,270032
PAY_619,CMP_018,2024-08-16,Wallet,Success,431838
PAY_620,CMP_609,2023-12-24,Wallet,Pending,142723
PAY_621,CMP_486,2023-12-14,Credit Card,Failed,30102
PAY_622,CMP_017,2022-12-23,Net Banking,Failed,10166
PAY_623,CMP_432,2023-03-30,UPI,Pending,29581
PAY_624,CMP_894,2022-11-22,UPI,Pending,109901
PAY_625,CMP_333,2024-07-17,UPI,Success,130167
PAY_626,CMP_784,2023-11-21,UPI,Pending,176166
PAY_627,CMP_878,2024-05-10,Credit Card,Success,370558
PAY_628,CMP_387,2024-04-26,UPI,Success,25327
PAY_629,CMP_399,2023-09-01,Credit Card,Pending,75828
PAY_630,CMP_687,2024-10-08,Net Banking,Pending,41799
PAY_631,CMP_312,2022-09-17,Credit Card,Failed,4694
PAY_632,CMP_277,2024-03-01,UPI,Failed,9016
PAY_633,CMP_580,2023-12-29,Credit Card,Pending,115305
PAY_634,CMP_988,2022-06-26,Wallet,Pending,55994
PAY_635,CMP_031,2024-06-04,Net Banking,Failed,6244
PAY_636,CMP_635,2023-05-28,Credit Card,Failed,53511
PAY_637,CMP_713,2023-09-30,Wallet,Failed,6025
PAY_638,CMP_160,2022-10-20,Credit Card,Success,289367
PAY_639,CMP_976,2024-11-18,Wallet,Failed,3776
PAY_640,CMP_139,2024-10-02,Credit Card,Pending,138934
PAY_641,CMP_883,2024-01-19,Net Banking,Success,136706
PAY_642,CMP_470,2025-03-04,Net Banking,Success,434414
PAY_643,CMP_461,2023-06-19,UPI,Pending,49933
PAY_644,CMP_937,2024-04-20,UPI,Failed,5183
PAY_645,CMP_263,2025-04-08,Credit Card,Pending,146499
PAY_646,CMP_392,2023-11-02,Net Banking,Success,73508
PAY_647,CMP_002,2022-09-05,Credit Card,Success,23793
PAY_648,CMP_723,2022-12-10,Wallet,Success,139496
PAY_649,CMP_316,2023-03-26,Wallet,Pending,53611
PAY_650,CMP_081,2024-09-14,Net Banking,Pending,84309
PAY_651,CMP_594,2023-05-25,Net Banking,,69946
PAY_652,CMP_101,2024-08-06,Wallet,Failed,23569
PAY_653,CMP_962,2025-02-21,Wallet,Success,484817
PAY_654,CMP_722,2022-06-20,Net Banking,Failed,26624
PAY_655,CMP_662,2022-02-20,Credit Card,Failed,749
PAY_656,CMP_179,2024-02-21,Wallet,Success,325929
PAY_657,CMP_966,2023-02-22,Credit Card,Success,19404
PAY_658,CMP_288,2024-08-23,Wallet,Pending,64416
PAY_659,CMP_868,2022-12-27,Net Banking,Pending,88490
PAY_660,CMP_393,2023-11-05,Wallet,Failed,42054
PAY_661,CMP_888,2022-09-04,Net Banking,Success,379921
PAY_662,CMP_759,2022-02-14,Wallet,Success,283235
PAY_663,CMP_601,2023-04-22,UPI,,7698
PAY_664,CMP_446,2022-12-18,UPI,Success,448556
PAY_665,CMP_947,2022-06-27,Credit Card,Success,239181
PAY_666,CMP_609,2023-11-15,UPI,Pending,39591
PAY_667,CMP_189,2024-05-31,Net Banking,Pending,119540
PAY_668,CMP_896,2022-02-09,Wallet,,167176
PAY_669,CMP_612,2022-07-11,Wallet,Success,422736
PAY_670,CMP_623,2023-10-13,Net Banking,Success,292989
PAY_671,CMP_942,2022-07-19,Wallet,Failed,2246
PAY_672,CMP_223,2024-07-14,Credit Card,Success,282378
PAY_673,CMP_411,2022-02-05,Net Banking,Success,333910
PAY_674,CMP_515,2024-05-28,Wallet,Failed,52096
PAY_675,CMP_937,2024-04-14,Wallet,Failed,53218
PAY_676,CMP_519,2022-04-04,Net Banking,Pending,59207
PAY_677,CMP_805,2023-08-17,UPI,Pending,8305
PAY_678,CMP_340,2025-03-30,Wallet,Failed,12359
PAY_679,CMP_965,2024-04-05,Credit Card,Pending,1238
PAY_680,CMP_115,2023-04-11,Net Banking,Failed,14218
PAY_681,CMP_635,2023-05-11,UPI,Success,505469
PAY_682,CMP_236,2022-04-29,Wallet,Success,288686
PAY_683,CMP_061,2024-06-29,Net Banking,Success,244348
PAY_684,CMP_234,2024-03-01,UPI,Pending,172519
PAY_685,CMP_811,2023-08-28,Credit Card,Failed,1026
PAY_686,CMP_819,2022-09-08,UPI,Pending,13051
PAY_687,CMP_436,2023-05-13,Wallet,Success,318702
PAY_688,CMP_232,2022-05-13,Wallet,Pending,86960
PAY_689,CMP_941,2023-07-24,UPI,Pending,189835
PAY_690,CMP_067,2024-01-21,UPI,Pending,90664
PAY_691,CMP_676,2023-05-30,UPI,Failed,15213
PAY_692,CMP_492,2024-02-13,Wallet,Pending,156135
PAY_693,CMP_026,2023-04-06,Net Banking,Failed,3883
PAY_694,CMP_695,2025-06-01,Credit Card,,32152
PAY_695,CMP_396,2022-01-31,Wallet,Pending,49207
PAY_696,CMP_414,2023-12-28,Wallet,Pending,153583
PAY_697,CMP_760,2023-10-21,Credit Card,Pending,19357
PAY_698,CMP_005,2024-06-06,Credit Card,,50793
PAY_699,CMP_119,2023-08-23,Wallet,,40442
PAY_700,CMP_854,2022-06-15,UPI,Failed,13965
PAY_701,CMP_109,2025-02-16,Net Banking,Failed,29146
PAY_702,CMP_538,2023-02-08,Credit Card,Success,300341
PAY_703,CMP_676,2023-06-20,Wallet,Failed,36502
PAY_704,CMP_698,2023-08-13,UPI,Success,295935
PAY_705,CMP_874,2022-06-27,Wallet,Pending,85047
PAY_706,CMP_305,2022-06-27,Wallet,,27119
PAY_707,CMP_761,2024-06-22,Credit Card,Success,125799
PAY_708,CMP_330,2024-05-22,Wallet,Pending,22227
PAY_709,CMP_809,2022-11-10,Net Banking,Success,325089
PAY_710,CMP_071,2025-01-28,Wallet,Success,68932
PAY_711,CMP_543,2023-10-19,Wallet,Failed,4911
PAY_712,CMP_493,2024-11-04,Credit Card,Success,85183
PAY_713,CMP_078,2022-05-13,Credit Card,Pending,4061
PAY_714,CMP_417,2022-08-09,UPI,Success,32585
PAY_715,CMP_557,2023-07-07,Net Banking,Failed,24896
PAY_716,CMP_671,2022-10-02,Credit Card,Failed,56441
PAY_717,CMP_639,2024-12-31,Credit Card,Failed,79064
PAY_718,CMP_234,2024-02-22,Wallet,Failed,23283
PAY_719,CMP_520,2025-02-13,Credit Card,Failed,4022
PAY_720,CMP_897,2023-07-20,Wallet,Failed,18369
PAY_721,CMP_022,2025-02-24,Credit Card,Success,20946
PAY_722,CMP_382,2024-10-22,UPI,,23583
PAY_723,CMP_932,2025-01-02,Wallet,Pending,27479
PAY_724,CMP_122,2024-12-01,UPI,Failed,45405
PAY_725,CMP_474,2023-06-18,Credit Card,Pending,130889
PAY_726,CMP_437,2022-07-13,Net Banking,Failed,991
PAY_727,CMP_241,2025-01-26,Wallet,Pending,55460
PAY_728,CMP_003,2022-07-20,Wallet,Failed,62814
PAY_729,CMP_694,2024-09-19,Wallet,Pending,90663
PAY_730,CMP_640,2022-01-31,Net Banking,Success,50826
PAY_731,CMP_360,2024-08-10,UPI,Pending,167295
PAY_732,CMP_373,2023-08-04,Net Banking,Success,314574
PAY_733,CMP_996,2023-08-02,Wallet,Pending,11612
PAY_734,CMP_086,2022-12-21,UPI,Failed,6943
PAY_735,CMP_249,2023-03-22,Credit Card,Failed,3637
PAY_736,CMP_680,2022-10-30,Wallet,Failed,51266
PAY_737,CMP_092,2024-04-19,Credit Card,Pending,38573
PAY_738,CMP_367,2023-01-05,Net Banking,Success,40862
PAY_739,CMP_356,2025-04-22,Credit Card,Success,184462
PAY_740,CMP_160,2022-10-27,Wallet,Failed,22483
PAY_741,CMP_169,2023-12-15,Net Banking,Success,380613
PAY_742,CMP_536,2024-11-20,Wallet,Success,212455
PAY_743,CMP_076,2023-04-29,UPI,Success,207046
PAY_744,CMP_798,2022-04-24,UPI,Failed,10616
PAY_745,CMP_034,2022-08-10,Credit Card,Pending,15985
PAY_746,CMP_833,2022-05-25,Wallet,Success,158541
PAY_747,CMP_932,2025-01-02,Credit Card,Success,157858
PAY_748,CMP_911,2024-06-14,Wallet,Pending,28320
PAY_749,CMP_829,2022-06-28,Credit Card,Pending,40246
PAY_750,CMP_043,2022-03-18,Wallet,Pending,112604
PAY_751,CMP_141,2022-07-25,Credit Card,Pending,28153
PAY_752,CMP_103,2023-08-25,UPI,Pending,212003
PAY_753,CMP_645,2023-06-26,Net Banking,Pending,49010
PAY_754,CMP_821,2023-06-26,Net Banking,Success,388038
PAY_755,CMP_549,2022-05-21,Net Banking,Failed,34584
PAY_756,CMP_568,2023-08-09,Wallet,Failed,80125
PAY_757,CMP_994,2022-06-13,Wallet,Success,452799
PAY_758,CMP_096,2023-02-16,Net Banking,Success,477552
PAY_759,CMP_347,2023-08-25,Credit Card,Pending,22217
PAY_760,CMP_563,2024-10-25,UPI,Success,375698
PAY_761,CMP_735,2022-12-07,Credit Card,Failed,45445
PAY_762,CMP_619,2023-04-30,Credit Card,Failed,54819
PAY_763,CMP_806,2022-04-09,Credit Card,Failed,55448
PAY_764,CMP_281,2025-02-26,Credit Card,Pending,70435
PAY_765,CMP_784,2023-12-05,Credit Card,Success,461241
PAY_766,CMP_772,2024-12-30,UPI,Failed,29556
PAY_767,CMP_186,2022-04-18,Credit Card,,234686
PAY_768,CMP_776,2022-09-10,Wallet,Pending,33124
PAY_769,CMP_041,2024-06-29,Wallet,Pending,32225
PAY_770,CMP_800,2023-11-16,Credit Card,Failed,8006
PAY_771,CMP_791,2023-04-14,Credit Card,Pending,4044
PAY_772,CMP_904,2025-02-18,Net Banking,Success,26625
PAY_773,CMP_844,2024-08-21,Wallet,Failed,37070
PAY_774,CMP_250,2022-08-10,UPI,Pending,29677
PAY_775,CMP_830,2023-09-29,Net Banking,Pending,107909
PAY_776,CMP_550,2024-08-31,Credit Card,Pending,57850
PAY_777,CMP_376,2023-05-24,Credit Card,Success,48642
PAY_778,CMP_895,2023-06-19,Net Banking,Success,392423
PAY_779,CMP_341,2023-11-18,UPI,Failed,28353
PAY_780,CMP_337,2023-09-02,Net Banking,Success,148919
PAY_781,CMP_388,2023-04-05,Wallet,Pending,39994
PAY_782,CMP_324,2022-03-31,Credit Card,Pending,36499
PAY_783,CMP_029,2023-11-21,Net Banking,Success,282179
PAY_784,CMP_766,2023-08-07,Net Banking,Pending,11034
PAY_785,CMP_118,2023-10-27,Net Banking,Failed,75069
PAY_786,CMP_977,2024-10-29,Credit Card,,24962
PAY_787,CMP_259,2023-01-19,Credit Card,Success,475506
PAY_788,CMP_183,2025-05-04,Net Banking,Success,296337
PAY_789,CMP_047,2025-02-22,Wallet,Pending,25736
PAY_790,CMP_177,2023-10-21,Net Banking,Pending,165780
PAY_791,CMP_457,2023-01-12,Wallet,Failed,49174
PAY_792,CMP_714,2025-02-26,UPI,Pending,52074
PAY_793,CMP_684,2024-05-07,Net Banking,Pending,72935
PAY_794,CMP_486,2023-12-09,UPI,Failed,42898
PAY_795,CMP_477,2024-11-01,Wallet,Pending,3052
PAY_796,CMP_591,2025-05-16,UPI,Pending,46952
PAY_797,CMP_063,2023-12-04,Wallet,Failed,14275
PAY_798,CMP_719,2022-10-11,Net Banking,Failed,8799
PAY_799,CMP_064,2024-06-01,Credit Card,,22135
PAY_800,CMP_774,2023-09-20,UPI,,45054
PAY_801,CMP_880,2024-04-01,Wallet,Success,203945
PAY_802,CMP_493,2024-09-16,Credit Card,Success,95681
PAY_803,CMP_634,2023-04-22,Wallet,Failed,22
PAY_804,CMP_465,2024-07-03,Credit Card,Pending,119197
PAY_805,CMP_649,2022-10-26,Credit Card,Pending,79132
PAY_806,CMP_279,2024-09-05,Net Banking,Success,178475
PAY_807,CMP_446,2022-09-12,Credit Card,Failed,85054
PAY_808,CMP_781,2023-12-07,Net Banking,Failed,40999
PAY_809,CMP_923,2024-09-01,Wallet,Pending,15344
PAY_810,CMP_424,2023-04-02,UPI,Success,54935
PAY_811,CMP_401,2024-07-05,Credit Card,Failed,10215
PAY_812,CMP_500,2023-07-31,Wallet,Success,85120
PAY_813,CMP_407,2022-09-17,UPI,Success,439528
PAY_814,CMP_426,2022-12-07,Wallet,Pending,34648
PAY_815,CMP_127,2022-01-31,UPI,Failed,2927
PAY_816,CMP_253,2022-09-19,Net Banking,Failed,3011
PAY_817,CMP_773,2024-12-22,Credit Card,Failed,4362
PAY_818,CMP_315,2022-05-07,Credit Card,Pending,1110
PAY_819,CMP_581,2024-12-24,Credit Card,Failed,47345
PAY_820,CMP_094,2023-07-13,Wallet,Failed,20187
PAY_821,CMP_800,2023-11-21,UPI,Success,49681
PAY_822,CMP_285,2024-06-26,Wallet,Success,264334
PAY_823,CMP_738,2022-12-04,Credit Card,Failed,5152
PAY_824,CMP_057,2023-04-17,UPI,Failed,21122
PAY_825,CMP_867,2025-03-24,Net Banking,Pending,157548
PAY_826,CMP_103,2023-10-28,Net Banking,Pending,7031
PAY_827,CMP_963,2025-04-15,Credit Card,Pending,159102
PAY_828,CMP_756,2024-12-19,UPI,Failed,42347
PAY_829,CMP_914,2024-07-17,Credit Card,Failed,7388
PAY_830,CMP_577,2023-05-01,UPI,Pending,155695
PAY_831,CMP_039,2023-01-25,Net Banking,Success,337222
PAY_832,CMP_743,2024-05-17,Wallet,Failed,56414
PAY_833,CMP_561,2024-06-28,Credit Card,Pending,179029
PAY_834,CMP_970,2024-07-16,UPI,Success,368097
PAY_835,CMP_195,2024-05-05,UPI,Failed,28277
PAY_836,CMP_352,2022-01-21,Net Banking,Failed,33201
PAY_837,CMP_803,2024-03-30,Wallet,Pending,32836
PAY_838,CMP_078,2022-04-05,UPI,Pending,3295
PAY_839,CMP_417,2022-08-14,Net Banking,Pending,5003
PAY_840,CMP_858,2022-05-18,Credit Card,Failed,1294
PAY_841,CMP_430,2023-01-09,Wallet,Success,283783
PAY_842,CMP_158,2023-06-13,Net Banking,Pending,4332
PAY_843,CMP_234,2024-03-21,UPI,Failed,31278
PAY_844,CMP_666,2024-11-26,UPI,,205543
PAY_845,CMP_269,2023-05-30,Net Banking,Pending,7212
PAY_846,CMP_183,2025-05-02,UPI,Pending,46044
PAY_847,CMP_836,2024-12-26,UPI,Pending,8992
PAY_848,CMP_889,2022-07-01,Net Banking,Failed,45443
PAY_849,CMP_500,2023-07-04,Net Banking,Failed,4159
PAY_850,CMP_826,2024-02-12,UPI,Success,157714
PAY_851,CMP_315,2022-06-10,UPI,,8912
PAY_852,CMP_115,2023-04-22,UPI,Pending,37791
PAY_853,CMP_104,2023-09-14,Net Banking,,16737
PAY_854,CMP_156,2022-01-30,Credit Card,Failed,56319
PAY_855,CMP_265,2024-04-16,UPI,Success,216677
PAY_856,CMP_988,2022-06-24,Credit Card,Pending,15117
PAY_857,CMP_050,2024-08-09,UPI,Pending,84
PAY_858,CMP_629,2025-04-01,Net Banking,,253406
PAY_859,CMP_283,2025-05-18,UPI,Success,88045
PAY_860,CMP_968,2023-12-22,Wallet,Pending,42972
PAY_861,CMP_664,2024-12-31,Wallet,Failed,16270
PAY_862,CMP_238,2024-02-11,UPI,Failed,35554
PAY_863,CMP_194,2022-05-03,UPI,Failed,7825
PAY_864,CMP_652,2025-01-12,UPI,Success,322294
PAY_865,CMP_102,2025-02-22,Net Banking,Success,407330
PAY_866,CMP_935,2024-12-17,UPI,Failed,42899
PAY_867,CMP_109,2025-04-27,Net Banking,Failed,522
PAY_868,CMP_055,2023-06-18,Net Banking,Failed,73899
PAY_869,CMP_727,2024-07-01,Wallet,Pending,31795
PAY_870,CMP_395,2024-10-22,Credit Card,Pending,129331
PAY_871,CMP_646,2023-08-19,Wallet,Success,84638
PAY_872,CMP_424,2023-03-13,UPI,,53137
PAY_873,CMP_419,2022-01-08,Wallet,Success,14895
PAY_874,CMP_676,2023-07-17,UPI,Pending,80612
PAY_875,CMP_030,2025-03-28,Wallet,,7804
PAY_876,CMP_574,2025-03-01,Credit Card,Success,368917
PAY_877,CMP_776,2022-08-27,Credit Card,Success,92521
PAY_878,CMP_842,2023-04-17,Net Banking,,45930
PAY_879,CMP_075,2023-09-07,UPI,Pending,5564
PAY_880,CMP_919,2022-01-26,Wallet,Success,326946
PAY_881,CMP_699,2025-03-17,UPI,Pending,37212
PAY_882,CMP_401,2024-07-19,Credit Card,Pending,34264
PAY_883,CMP_016,2022-10-20,Wallet,Failed,10322
PAY_884,CMP_768,2022-03-13,Net Banking,Pending,42762
PAY_885,CMP_312,2022-10-14,UPI,Failed,7654
PAY_886,CMP_061,2024-08-11,UPI,,207133
PAY_887,CMP_614,2024-03-11,Wallet,Success,255760
PAY_888,CMP_376,2023-05-21,Net Banking,Failed,1978
PAY_889,CMP_213,2025-01-09,Wallet,Failed,1262
PAY_890,CMP_730,2022-12-15,Net Banking,Success,114576
PAY_891,CMP_434,2025-02-13,Net Banking,Success,248317
PAY_892,CMP_637,2023-07-24,Net Banking,,205866
PAY_893,CMP_702,2022-11-03,Net Banking,Pending,3208
PAY_894,CMP_744,2022-05-29,Wallet,Success,54002
PAY_895,CMP_911,2024-09-08,Credit Card,Failed,9108
PAY_896,CMP_571,2024-11-16,Credit Card,Failed,1669
PAY_897,CMP_776,2022-08-07,Credit Card,,92904
PAY_898,CMP_585,2024-12-01,Net Banking,Success,117022
PAY_899,CMP_375,2022-08-17,UPI,Pending,169000
PAY_900,CMP_795,2024-09-25,UPI,Pending,67848
PAY_901,CMP_760,2023-10-17,Wallet,,80343
PAY_902,CMP_802,2024-07-13,Net Banking,Success,215003
PAY_903,CMP_503,2022-06-26,UPI,Success,75871
PAY_904,CMP_328,2025-03-07,Wallet,Pending,113549
PAY_905,CMP_542,2025-02-24,Wallet,Success,346163
PAY_906,CMP_663,2023-06-28,Credit Card,Failed,28143
PAY_907,CMP_609,2023-11-28,Credit Card,Failed,58459
PAY_908,CMP_758,2023-11-20,Credit Card,Pending,162313
PAY_909,CMP_468,2022-06-02,Wallet,Failed,32695
PAY_910,CMP_596,2024-11-26,UPI,Failed,999
PAY_911,CMP_889,2022-07-04,Wallet,Failed,17987
PAY_912,CMP_993,2022-04-03,Credit Card,Pending,34459
PAY_913,CMP_768,2022-03-11,UPI,Pending,104182
PAY_914,CMP_408,2024-05-02,Wallet,Pending,47069
PAY_915,CMP_021,2023-11-12,Net Banking,Failed,22546
PAY_916,CMP_029,2023-12-02,UPI,,11784
PAY_917,CMP_676,2023-06-13,UPI,Pending,57414
PAY_918,CMP_288,2024-08-16,Wallet,Success,333724
PAY_919,CMP_075,2023-09-11,Credit Card,Failed,7627
PAY_920,CMP_498,2023-10-06,Net Banking,Success,340067
PAY_921,CMP_482,2024-06-20,Wallet,Success,367492
PAY_922,CMP_289,2023-02-20,Net Banking,Success,146977
PAY_923,CMP_301,2022-09-24,UPI,Pending,94052
PAY_924,CMP_967,2025-04-07,Credit Card,Pending,23047
PAY_925,CMP_032,2023-12-14,Wallet,Success,296216
PAY_926,CMP_662,2022-03-21,Wallet,Failed,2876
PAY_927,CMP_125,2022-04-20,Credit Card,Success,406344
PAY_928,CMP_255,2024-03-28,UPI,Pending,125301
PAY_929,CMP_798,2022-06-03,Credit Card,Pending,6601
PAY_930,CMP_839,2023-10-21,Net Banking,Pending,11630
PAY_931,CMP_106,2025-03-28,Credit Card,Success,32486
PAY_932,CMP_294,2025-01-22,UPI,Pending,23913
PAY_933,CMP_870,2025-02-01,UPI,Pending,103703
PAY_934,CMP_393,2023-10-09,Credit Card,,21142
PAY_935,CMP_682,2023-08-06,Wallet,Pending,62173
PAY_936,CMP_811,2023-10-26,Net Banking,Failed,42544
PAY_937,CMP_330,2024-04-27,Credit Card,Pending,46769
PAY_938,CMP_762,2023-09-07,Credit Card,Pending,106752
PAY_939,CMP_577,2023-04-24,Credit Card,Failed,38602
PAY_940,CMP_133,2023-02-02,Wallet,Pending,471
PAY_941,CMP_737,2022-07-21,Net Banking,,364729
PAY_942,CMP_682,2023-10-03,UPI,Success,123649
PAY_943,CMP_753,2023-09-21,UPI,Success,54454
PAY_944,CMP_630,2024-08-31,Credit Card,Failed,41879
PAY_945,CMP_697,2024-01-09,Net Banking,Pending,87821
PAY_946,CMP_636,2022-05-04,Credit Card,,342216
PAY_947,CMP_940,2022-01-14,UPI,Success,152274
PAY_948,CMP_012,2025-04-01,Wallet,Success,378977
PAY_949,CMP_081,2024-10-07,Wallet,Success,328941
PAY_950,CMP_278,2024-11-14,Wallet,Failed,71568
PAY_951,CMP_578,2022-04-16,Credit Card,Failed,25845
PAY_952,CMP_049,2022-04-11,UPI,Failed,2415
PAY_953,CMP_369,2024-10-21,UPI,Success,155087
PAY_954,CMP_633,2023-01-11,Wallet,Failed,11148
PAY_955,CMP_441,2024-12-02,UPI,Pending,4915
PAY_956,CMP_623,2023-11-03,UPI,Pending,126546
PAY_957,CMP_046,2023-09-19,Wallet,Pending,43253
PAY_958,CMP_604,2024-02-26,Credit Card,Success,19974
PAY_959,CMP_542,2025-01-16,Net Banking,Failed,72628
PAY_960,CMP_002,2022-10-21,Credit Card,Failed,2436
PAY_961,CMP_113,2024-08-26,Wallet,Success,43938
PAY_962,CMP_017,2022-12-03,Wallet,Success,193726
PAY_963,CMP_277,2024-02-09,Wallet,Failed,21693
PAY_964,CMP_835,2023-10-14,Credit Card,Success,137031
PAY_965,CMP_679,2023-05-12,Wallet,Failed,10739
PAY_966,CMP_335,2023-11-19,Wallet,Success,366107
PAY_967,CMP_569,2022-05-22,Net Banking,Failed,86643
PAY_968,CMP_009,2022-06-24,Wallet,Pending,71319
PAY_969,CMP_575,2024-08-03,Net Banking,Failed,24998
PAY_970,CMP_842,2023-03-05,Net Banking,Failed,2924
PAY_971,CMP_017,2022-12-22,Credit Card,Failed,17262
PAY_972,CMP_557,2023-07-03,Credit Card,Pending,8079
PAY_973,CMP_112,2022-11-30,Wallet,Success,220509
PAY_974,CMP_507,2025-03-06,UPI,Pending,14910
PAY_975,CMP_853,2022-09-29,Wallet,Pending,109741
PAY_976,CMP_905,2022-07-07,UPI,Success,114356
PAY_977,CMP_847,2025-04-03,Credit Card,Pending,9103
PAY_978,CMP_842,2023-02-25,Credit Card,Failed,11329
PAY_979,CMP_036,2024-04-06,Wallet,Success,328401
PAY_980,CMP_413,2024-10-20,Credit Card,Pending,114135
PAY_981,CMP_758,2024-02-29,Net Banking,Pending,38765
PAY_982,CMP_783,2023-11-16,UPI,Pending,211640
PAY_983,CMP_590,2023-09-08,Wallet,Failed,9115
PAY_984,CMP_526,2024-04-16,Wallet,,36202
PAY_985,CMP_918,2022-03-20,Wallet,Pending,81665
PAY_986,CMP_031,2024-06-08,Credit Card,Failed,2451
PAY_987,CMP_157,2024-02-06,UPI,Success,471505
PAY_988,CMP_922,2022-05-19,Net Banking,Failed,17551
PAY_989,CMP_859,2022-04-26,Wallet,,50206
PAY_990,CMP_065,2022-01-31,Wallet,Success,224459
PAY_991,CMP_810,2023-09-08,Wallet,,39888
PAY_992,CMP_190,2022-08-23,Credit Card,Failed,2715
PAY_993,CMP_183,2025-03-24,Net Banking,Pending,124575
PAY_994,CMP_774,2023-08-26,Net Banking,Success,326862
PAY_995,CMP_515,2024-05-22,Wallet,Failed,55236
PAY_996,CMP_032,2023-11-29,Wallet,Success,255318
PAY_997,CMP_147,2023-05-22,Wallet,Failed,17656
PAY_998,CMP_557,2023-06-27,Wallet,Success,186595
PAY_999,CMP_247,2024-04-26,UPI,Pending,98018
PAY_1000,CMP_106,2025-05-25,Wallet,Success,31880
