campaign_id,Recency,Frequency,Monetary,R_Score,F_Score,M_Score,RFM_Score,Segment
CMP_001,986,2,453330.0,1,1,3,113,Others
CMP_002,944,4,623260.0,2,4,3,243,At Risk
CMP_003,1023,4,859726.0,1,4,4,144,Loyal Customers
CMP_004,100,3,802976.0,5,2,4,524,Recent Customers
CMP_005,387,1,346650.0,4,1,2,412,Recent Customers
CMP_006,1029,5,1413955.0,1,4,5,145,Loyal Customers
CMP_007,145,2,622739.0,5,1,3,513,Recent Customers
CMP_008,448,4,922410.0,4,4,4,444,Champions
CMP_009,1081,1,324753.0,1,1,2,112,Others
CMP_010,473,4,916727.0,4,4,4,444,Champions
CMP_011,889,4,725820.0,2,4,4,244,Loyal Customers
CMP_012,129,1,0.0,5,1,1,511,Recent Customers
CMP_014,169,4,1358745.0,5,4,5,545,Champions
CMP_015,48,4,326326.0,5,4,2,542,Recent Customers
CMP_016,985,2,377199.0,1,1,2,112,Others
CMP_017,899,2,270146.0,2,1,2,212,Others
CMP_018,238,10,2666819.0,5,5,5,555,Champions
CMP_019,561,2,918978.0,3,1,4,314,Others
CMP_020,655,3,740727.0,3,2,4,324,Others
CMP_021,604,2,619786.0,3,1,3,313,Others
CMP_022,100,3,948488.0,5,2,4,524,Recent Customers
CMP_023,434,3,472611.0,4,2,3,423,Recent Customers
CMP_024,1098,1,17733.0,1,1,1,111,Others
CMP_025,273,2,932074.0,4,1,4,414,Recent Customers
CMP_026,803,6,1629448.0,2,5,5,255,Loyal Customers
CMP_027,338,2,76864.0,4,1,1,411,Recent Customers
CMP_028,794,3,453352.0,2,2,3,223,Others
CMP_029,574,2,199559.0,3,1,1,311,Others
CMP_030,83,1,0.0,5,1,1,511,Recent Customers
CMP_031,332,6,1340794.0,4,5,5,455,Champions
CMP_032,559,4,858791.0,3,4,4,344,Loyal Customers
CMP_033,944,7,1261696.0,2,5,5,255,Loyal Customers
CMP_034,1003,5,1231316.0,1,4,5,145,Loyal Customers
CMP_035,192,3,200743.0,5,2,1,521,Recent Customers
CMP_036,415,1,17009.0,4,1,1,411,Recent Customers
CMP_037,81,3,408013.0,5,2,2,522,Recent Customers
CMP_038,124,4,789774.0,5,4,4,544,Champions
CMP_039,882,2,499462.0,2,1,3,213,Others
CMP_040,678,3,227403.0,3,2,1,321,Others
CMP_041,359,1,179957.0,4,1,1,411,Recent Customers
CMP_042,574,7,1364194.0,3,5,5,355,Loyal Customers
CMP_043,1221,1,298821.0,1,1,2,112,Others
CMP_044,917,3,391798.0,2,2,2,222,Others
CMP_045,332,2,466881.0,4,1,3,413,Recent Customers
CMP_046,642,1,323337.0,3,1,2,312,Others
CMP_047,114,3,224210.0,5,2,1,521,Recent Customers
CMP_048,706,1,481391.0,3,1,3,313,Others
CMP_049,1136,5,1555020.0,1,4,5,145,Loyal Customers
CMP_050,356,1,0.0,4,1,1,411,Recent Customers
CMP_051,854,5,1096444.0,2,4,5,245,Loyal Customers
CMP_052,1084,3,774832.0,1,2,4,124,Others
CMP_053,994,4,875895.0,1,4,4,144,Loyal Customers
CMP_054,902,2,158244.0,2,1,1,211,Others
CMP_055,685,6,1506594.0,3,5,5,355,Loyal Customers
CMP_056,248,1,101120.0,5,1,1,511,Recent Customers
CMP_057,758,5,226108.0,2,4,1,241,At Risk
CMP_058,635,3,472403.0,3,2,3,323,Others
CMP_059,705,3,556274.0,3,2,3,323,Others
CMP_060,566,5,711403.0,3,4,4,344,Loyal Customers
CMP_061,329,8,1633178.0,4,5,5,455,Champions
CMP_062,557,4,658473.0,3,4,3,343,Others
CMP_063,574,6,972174.0,3,5,4,354,Loyal Customers
CMP_064,430,2,578577.0,4,1,3,413,Recent Customers
CMP_065,1265,1,310685.0,1,1,2,112,Others
CMP_066,308,2,316958.0,4,1,2,412,Recent Customers
CMP_067,536,3,35581.0,3,2,1,321,Others
CMP_068,941,2,487366.0,2,1,3,213,Others
CMP_069,19,3,87235.0,5,2,1,521,Recent Customers
CMP_070,1162,4,402988.0,1,4,2,142,At Risk
CMP_071,143,2,562250.0,5,1,3,513,Recent Customers
CMP_072,104,4,1268051.0,5,4,5,545,Champions
CMP_073,269,3,551467.0,5,2,3,523,Recent Customers
CMP_074,634,4,1501866.0,3,4,5,345,Loyal Customers
CMP_075,675,4,711025.0,3,4,4,344,Loyal Customers
CMP_076,773,4,1387099.0,2,4,5,245,Loyal Customers
CMP_077,557,3,893433.0,3,2,4,324,Others
CMP_079,571,3,736318.0,3,2,4,324,Others
CMP_080,705,3,708055.0,3,2,3,323,Others
CMP_081,236,6,1935440.0,5,5,5,555,Champions
CMP_082,1187,1,345032.0,1,1,2,112,Others
CMP_083,466,1,0.0,4,1,1,411,Recent Customers
CMP_084,718,2,219929.0,3,1,1,311,Others
CMP_086,900,3,516156.0,2,2,3,223,Others
CMP_087,724,4,1073604.0,2,4,5,245,Loyal Customers
CMP_088,53,2,501285.0,5,1,3,513,Recent Customers
CMP_089,789,9,1359283.0,2,5,5,255,Loyal Customers
CMP_090,961,2,44497.0,2,1,1,211,Others
CMP_091,1093,1,0.0,1,1,1,111,Others
CMP_092,470,2,846239.0,4,1,4,414,Recent Customers
CMP_093,163,4,442834.0,5,4,2,542,Recent Customers
CMP_094,696,1,451369.0,3,1,3,313,Others
CMP_095,59,2,678004.0,5,1,3,513,Recent Customers
CMP_096,856,3,332610.0,2,2,2,222,Others
CMP_097,650,3,922140.0,3,3,4,334,Others
CMP_099,1031,5,1257854.0,1,4,5,145,Loyal Customers
CMP_100,486,3,849907.0,4,3,4,434,Recent Customers
CMP_1000,858,7,1116870.0,2,5,5,255,Loyal Customers
CMP_101,304,1,414210.0,4,1,2,412,Recent Customers
CMP_102,108,3,826399.0,5,3,4,534,Recent Customers
CMP_103,643,1,372798.0,3,1,2,312,Others
CMP_104,640,3,694084.0,3,3,3,333,Others
CMP_106,82,1,297785.0,5,1,2,512,Recent Customers
CMP_107,280,4,1082203.0,4,4,5,445,Champions
CMP_108,1125,2,819579.0,1,1,4,114,Others
CMP_109,47,4,979004.0,5,4,4,544,Champions
CMP_110,656,1,0.0,3,1,1,311,Others
CMP_111,1014,3,754740.0,1,3,4,134,At Risk
CMP_112,894,3,546868.0,2,3,3,233,At Risk
CMP_113,274,6,769753.0,4,5,4,454,Champions
CMP_114,692,4,997264.0,3,4,4,344,Loyal Customers
CMP_115,782,4,1225652.0,2,4,5,245,Loyal Customers
CMP_116,84,1,69498.0,5,1,1,511,Recent Customers
CMP_117,649,1,479443.0,3,1,3,313,Others
CMP_118,602,4,1206537.0,3,4,5,345,Loyal Customers
CMP_119,631,3,845943.0,3,3,4,334,Others
CMP_121,539,3,477316.0,3,3,3,333,Others
CMP_122,206,3,795188.0,5,3,4,534,Recent Customers
CMP_123,609,2,785966.0,3,2,4,324,Others
CMP_124,312,2,716088.0,4,2,4,424,Recent Customers
CMP_125,1093,6,2025574.0,1,5,5,155,Loyal Customers
CMP_128,868,4,969274.0,2,4,4,244,Loyal Customers
CMP_129,241,5,1118607.0,5,4,5,545,Champions
CMP_130,212,4,1263568.0,5,4,5,545,Champions
CMP_131,696,3,263654.0,3,3,2,332,Others
CMP_132,334,2,374252.0,4,2,2,422,Recent Customers
CMP_133,869,1,163392.0,2,1,1,211,Others
CMP_134,1120,2,122727.0,1,2,1,121,Others
CMP_135,955,2,522669.0,2,2,3,223,Others
CMP_136,306,2,252822.0,4,2,2,422,Recent Customers
CMP_138,556,3,809073.0,3,3,4,334,Others
CMP_139,264,3,858026.0,5,3,4,534,Recent Customers
CMP_141,995,1,442008.0,1,1,2,112,Others
CMP_142,636,3,134610.0,3,3,1,331,Others
CMP_143,887,3,463562.0,2,3,3,233,At Risk
CMP_144,961,2,166880.0,2,2,1,221,Others
CMP_145,237,4,784386.0,5,4,4,544,Champions
CMP_146,630,4,465662.0,3,4,3,343,Others
CMP_147,772,3,870741.0,2,3,4,234,At Risk
CMP_148,478,4,1172753.0,4,4,5,445,Champions
CMP_149,21,3,595670.0,5,3,3,533,Recent Customers
CMP_150,763,1,0.0,2,1,1,211,Others
CMP_151,984,1,432328.0,1,1,2,112,Others
CMP_152,1111,2,726111.0,1,2,4,124,Others
CMP_153,401,2,727015.0,4,2,4,424,Recent Customers
CMP_154,738,1,319282.0,2,1,2,212,Others
CMP_155,963,3,1126616.0,2,3,5,235,At Risk
CMP_156,1223,2,114941.0,1,2,1,121,Others
CMP_157,481,9,2410559.0,4,5,5,455,Champions
CMP_158,736,4,184942.0,2,4,1,241,At Risk
CMP_159,1148,4,275649.0,1,4,2,142,At Risk
CMP_160,941,7,1093335.0,2,5,5,255,Loyal Customers
CMP_161,877,3,93325.0,2,3,1,231,At Risk
CMP_162,460,6,1337479.0,4,5,5,455,Champions
CMP_163,75,6,2023487.0,5,5,5,555,Champions
CMP_164,943,3,661972.0,2,3,3,233,At Risk
CMP_165,1181,5,591296.0,1,4,3,143,At Risk
CMP_166,773,1,212209.0,2,1,1,211,Others
CMP_167,1260,2,209443.0,1,2,1,121,Others
CMP_168,1039,2,453710.0,1,2,3,123,Others
CMP_169,591,2,308007.0,3,2,2,322,Others
CMP_170,184,5,1102495.0,5,4,5,545,Champions
CMP_171,1018,4,996185.0,1,4,4,144,Loyal Customers
CMP_172,1142,6,1441236.0,1,5,5,155,Loyal Customers
CMP_173,349,4,860158.0,4,4,4,444,Champions
CMP_174,100,4,1591576.0,5,4,5,545,Champions
CMP_176,698,5,484510.0,3,4,3,343,Others
CMP_178,1119,3,255822.0,1,3,2,132,At Risk
CMP_179,440,3,1321717.0,4,3,5,435,Recent Customers
CMP_180,390,2,162661.0,4,2,1,421,Recent Customers
CMP_181,585,3,289660.0,3,3,2,332,Others
CMP_182,775,3,348341.0,2,3,2,232,At Risk
CMP_183,73,3,674603.0,5,3,3,533,Recent Customers
CMP_185,838,3,768993.0,2,3,4,234,At Risk
CMP_186,1141,2,541727.0,1,2,3,123,Others
CMP_188,881,2,127937.0,2,2,1,221,Others
CMP_189,391,1,363923.0,4,1,2,412,Recent Customers
CMP_190,1021,4,978643.0,1,4,4,144,Loyal Customers
CMP_191,450,4,721661.0,4,4,4,444,Champions
CMP_192,736,4,209868.0,2,4,1,241,At Risk
CMP_193,462,6,1634427.0,4,5,5,455,Champions
CMP_194,1135,1,0.0,1,1,1,111,Others
CMP_196,280,6,1783578.0,4,5,5,455,Champions
CMP_197,429,2,524396.0,4,2,3,423,Recent Customers
CMP_198,1095,3,402152.0,1,3,2,132,At Risk
CMP_199,461,3,633009.0,4,3,3,433,Recent Customers
CMP_200,677,5,611851.0,3,4,3,343,Others
CMP_201,205,4,530128.0,5,4,3,543,Recent Customers
CMP_202,556,4,1282893.0,3,4,5,345,Loyal Customers
CMP_203,270,2,12143.0,5,2,1,521,Recent Customers
CMP_204,627,5,941310.0,3,5,4,354,Loyal Customers
CMP_205,1019,4,668695.0,1,4,3,143,At Risk
CMP_206,827,3,870895.0,2,3,4,234,At Risk
CMP_207,557,1,238189.0,3,1,2,312,Others
CMP_208,313,6,1135182.0,4,5,5,455,Champions
CMP_209,431,8,1745563.0,4,5,5,455,Champions
CMP_211,947,3,686938.0,2,3,3,233,At Risk
CMP_212,1084,1,0.0,1,1,1,111,Others
CMP_213,159,2,111482.0,5,2,1,521,Recent Customers
CMP_214,609,6,1663086.0,3,5,5,355,Loyal Customers
CMP_215,871,3,442728.0,2,3,2,232,At Risk
CMP_216,981,7,1682446.0,1,5,5,155,Loyal Customers
CMP_217,1117,5,1192440.0,1,5,5,155,Loyal Customers
CMP_218,324,2,8200.0,4,2,1,421,Recent Customers
CMP_219,91,3,966270.0,5,3,4,534,Recent Customers
CMP_220,322,4,1212825.0,4,4,5,445,Champions
CMP_221,211,6,1186553.0,5,5,5,555,Champions
CMP_222,825,2,0.0,2,2,1,221,Others
CMP_223,339,4,648995.0,4,4,3,443,Recent Customers
CMP_224,777,3,335222.0,2,3,2,232,At Risk
CMP_225,563,3,812034.0,3,3,4,334,Others
CMP_226,305,2,299820.0,4,2,2,422,Recent Customers
CMP_227,80,5,644809.0,5,5,3,553,Recent Customers
CMP_228,774,1,0.0,2,1,1,211,Others
CMP_229,243,3,705327.0,5,3,3,533,Recent Customers
CMP_230,618,2,75324.0,3,2,1,321,Others
CMP_231,1051,5,1231105.0,1,5,5,155,Loyal Customers
CMP_232,1131,5,1514012.0,1,5,5,155,Loyal Customers
CMP_233,479,8,2380459.0,4,5,5,455,Champions
CMP_234,442,3,388852.0,4,3,2,432,Recent Customers
CMP_235,886,7,1726524.0,2,5,5,255,Loyal Customers
CMP_237,149,2,383638.0,5,2,2,522,Recent Customers
CMP_238,517,4,995856.0,3,4,4,344,Loyal Customers
CMP_239,451,3,26316.0,4,3,1,431,Recent Customers
CMP_240,664,4,1468773.0,3,4,5,345,Loyal Customers
CMP_241,137,3,812384.0,5,3,4,534,Recent Customers
CMP_242,337,4,853081.0,4,4,4,444,Champions
CMP_243,274,2,320360.0,4,2,2,422,Recent Customers
CMP_244,920,4,842617.0,2,4,4,244,Loyal Customers
CMP_245,736,4,984154.0,2,4,4,244,Loyal Customers
CMP_246,318,2,152493.0,4,2,1,421,Recent Customers
CMP_247,421,4,205970.0,4,4,1,441,Recent Customers
CMP_248,247,1,231639.0,5,1,2,512,Recent Customers
CMP_249,793,4,413655.0,2,4,2,242,At Risk
CMP_250,1061,3,160643.0,1,3,1,131,At Risk
CMP_251,533,4,1241827.0,3,4,5,345,Loyal Customers
CMP_252,879,5,1326116.0,2,5,5,255,Loyal Customers
CMP_253,928,4,311973.0,2,4,2,242,At Risk
CMP_254,77,3,531526.0,5,3,3,533,Recent Customers
CMP_255,373,3,227990.0,4,3,1,431,Recent Customers
CMP_256,53,3,561328.0,5,3,3,533,Recent Customers
CMP_257,106,2,404303.0,5,2,2,522,Recent Customers
CMP_258,268,4,1175936.0,5,4,5,545,Champions
CMP_259,854,5,1291237.0,2,5,5,255,Loyal Customers
CMP_260,701,2,92006.0,3,2,1,321,Others
CMP_261,1064,2,216037.0,1,2,1,121,Others
CMP_262,563,1,318237.0,3,1,2,312,Others
CMP_263,82,1,386520.0,5,1,2,512,Recent Customers
CMP_264,1142,4,280824.0,1,4,2,142,At Risk
CMP_265,431,4,629506.0,4,4,3,443,Recent Customers
CMP_266,235,4,701296.0,5,4,3,543,Recent Customers
CMP_267,544,2,564953.0,3,2,3,323,Others
CMP_268,175,2,424307.0,5,2,2,522,Recent Customers
CMP_269,753,6,1487361.0,2,5,5,255,Loyal Customers
CMP_270,504,3,837276.0,3,3,4,334,Others
CMP_271,312,1,253049.0,4,1,2,412,Recent Customers
CMP_272,307,3,599989.0,4,3,3,433,Recent Customers
CMP_273,187,1,453199.0,5,1,3,513,Recent Customers
CMP_274,949,3,756147.0,2,3,4,234,At Risk
CMP_275,403,4,1313566.0,4,4,5,445,Champions
CMP_276,191,5,1236495.0,5,5,5,555,Champions
CMP_277,463,7,1427491.0,4,5,5,455,Champions
CMP_278,218,5,1030767.0,5,5,4,554,Champions
CMP_279,276,3,852669.0,4,3,4,434,Recent Customers
CMP_280,602,1,0.0,3,1,1,311,Others
CMP_281,122,3,687734.0,5,3,3,533,Recent Customers
CMP_282,970,2,53537.0,2,2,1,221,Others
CMP_283,52,3,442926.0,5,3,2,532,Recent Customers
CMP_284,440,1,380431.0,4,1,2,412,Recent Customers
CMP_285,357,2,693992.0,4,2,3,423,Recent Customers
CMP_286,266,3,735593.0,5,3,4,534,Recent Customers
CMP_287,88,2,483033.0,5,2,3,523,Recent Customers
CMP_288,291,4,650200.0,4,4,3,443,Recent Customers
CMP_289,870,1,0.0,2,1,1,211,Others
CMP_290,779,6,995007.0,2,5,4,254,Loyal Customers
CMP_291,651,1,154848.0,3,1,1,311,Others
CMP_292,474,3,363919.0,4,3,2,432,Recent Customers
CMP_293,1058,2,514273.0,1,2,3,123,Others
CMP_294,154,1,222346.0,5,1,1,511,Recent Customers
CMP_295,741,5,913988.0,2,5,4,254,Loyal Customers
CMP_297,353,5,1072349.0,4,5,5,455,Champions
CMP_299,1180,4,333543.0,1,4,2,142,At Risk
CMP_300,182,4,1502188.0,5,4,5,545,Champions
CMP_301,1036,1,0.0,1,1,1,111,Others
CMP_302,215,1,376218.0,5,1,2,512,Recent Customers
CMP_303,738,3,22357.0,2,3,1,231,At Risk
CMP_304,777,4,893907.0,2,4,4,244,Loyal Customers
CMP_305,1087,3,184910.0,1,3,1,131,At Risk
CMP_306,1231,5,1130518.0,1,5,5,155,Loyal Customers
CMP_307,57,2,308976.0,5,2,2,522,Recent Customers
CMP_308,1010,1,78736.0,1,1,1,111,Others
CMP_309,639,5,1758301.0,3,5,5,355,Loyal Customers
CMP_310,436,6,505339.0,4,5,3,453,Recent Customers
CMP_311,1053,1,456430.0,1,1,3,113,Others
CMP_312,983,3,862027.0,1,3,4,134,At Risk
CMP_313,116,6,1364380.0,5,5,5,555,Champions
CMP_314,327,3,748637.0,4,3,4,434,Recent Customers
CMP_315,1116,1,0.0,1,1,1,111,Others
CMP_317,1090,2,577996.0,1,2,3,123,Others
CMP_318,293,2,801887.0,4,2,4,424,Recent Customers
CMP_319,67,2,466812.0,5,2,3,523,Recent Customers
CMP_320,151,1,133678.0,5,1,1,511,Recent Customers
CMP_321,107,4,824746.0,5,4,4,544,Champions
CMP_322,647,3,557848.0,3,3,3,333,Others
CMP_323,301,7,1889461.0,4,5,5,455,Champions
CMP_324,1127,2,0.0,1,2,1,121,Others
CMP_325,389,3,502195.0,4,3,3,433,Recent Customers
CMP_326,723,2,216854.0,3,2,1,321,Others
CMP_327,927,2,81860.0,2,2,1,221,Others
CMP_328,46,3,259376.0,5,3,2,532,Recent Customers
CMP_329,1114,3,819517.0,1,3,4,134,At Risk
CMP_330,387,6,1129058.0,4,5,5,455,Champions
CMP_331,650,1,432134.0,3,1,2,312,Others
CMP_332,150,4,1017953.0,5,4,4,544,Champions
CMP_333,343,2,346300.0,4,2,2,422,Recent Customers
CMP_335,584,2,337469.0,3,2,2,322,Others
CMP_337,631,5,633070.0,3,5,3,353,Others
CMP_338,191,2,914797.0,5,2,4,524,Recent Customers
CMP_339,503,4,347058.0,3,4,2,342,Others
CMP_340,59,5,939359.0,5,5,4,554,Champions
CMP_341,521,4,198822.0,3,4,1,341,Others
CMP_342,212,2,759078.0,5,2,4,524,Recent Customers
CMP_343,187,5,905700.0,5,5,4,554,Champions
CMP_344,1139,3,465766.0,1,3,3,133,At Risk
CMP_345,1212,2,427572.0,1,2,2,122,Others
CMP_346,1198,3,133316.0,1,3,1,131,At Risk
CMP_347,670,1,84920.0,3,1,1,311,Others
CMP_348,1044,1,472973.0,1,1,3,113,Others
CMP_349,737,1,174447.0,2,1,1,211,Others
CMP_350,79,3,951956.0,5,3,4,534,Recent Customers
CMP_351,1168,5,926124.0,1,5,4,154,Loyal Customers
CMP_352,1238,5,660682.0,1,5,3,153,At Risk
CMP_354,1080,8,1666744.0,1,5,5,155,Loyal Customers
CMP_355,1173,7,1121259.0,1,5,5,155,Loyal Customers
CMP_356,5,4,1149438.0,5,4,5,545,Champions
CMP_357,893,3,853969.0,2,3,4,234,At Risk
CMP_358,361,5,902903.0,4,5,4,454,Champions
CMP_359,667,2,113468.0,3,2,1,321,Others
CMP_361,583,5,1342121.0,3,5,5,355,Loyal Customers
CMP_362,918,3,1240446.0,2,3,5,235,At Risk
CMP_363,343,2,0.0,4,2,1,421,Recent Customers
CMP_364,300,3,349351.0,4,3,2,432,Recent Customers
CMP_365,101,1,291530.0,5,1,2,512,Recent Customers
CMP_366,452,1,209651.0,4,1,1,411,Recent Customers
CMP_367,902,3,454975.0,2,3,3,233,At Risk
CMP_368,338,4,380466.0,4,4,2,442,Recent Customers
CMP_369,230,5,1163528.0,5,5,5,555,Champions
CMP_370,403,6,2041439.0,4,5,5,455,Champions
CMP_371,957,2,193910.0,2,2,1,221,Others
CMP_372,432,1,371235.0,4,1,2,412,Recent Customers
CMP_374,839,5,656157.0,2,5,3,253,At Risk
CMP_375,1087,3,606054.0,1,3,3,133,At Risk
CMP_376,757,4,836471.0,2,4,4,244,Loyal Customers
CMP_378,163,3,418412.0,5,3,2,532,Recent Customers
CMP_379,1100,6,843506.0,1,5,4,154,Loyal Customers
CMP_380,1004,4,1048454.0,1,4,5,145,Loyal Customers
CMP_381,467,1,25639.0,4,1,1,411,Recent Customers
CMP_382,225,3,575306.0,5,3,3,533,Recent Customers
CMP_383,543,2,343259.0,3,2,2,322,Others
CMP_384,342,5,1013612.0,4,5,4,454,Champions
CMP_385,1008,2,555214.0,1,2,3,123,Others
CMP_386,697,5,1042447.0,3,5,5,355,Loyal Customers
CMP_387,423,1,84070.0,4,1,1,411,Recent Customers
CMP_388,812,2,384840.0,2,2,2,222,Others
CMP_389,1037,3,558971.0,1,3,3,133,At Risk
CMP_390,284,3,130973.0,4,3,1,431,Recent Customers
CMP_391,431,5,806075.0,4,5,4,454,Champions
CMP_392,611,3,475975.0,3,3,3,333,Others
CMP_393,600,2,450355.0,3,2,3,323,Others
CMP_394,937,2,292096.0,2,2,2,222,Others
CMP_395,227,3,593471.0,5,3,3,533,Recent Customers
CMP_396,1229,2,365819.0,1,2,2,122,Others
CMP_397,158,4,673595.0,5,4,3,543,Recent Customers
CMP_398,1193,3,513627.0,1,3,3,133,At Risk
CMP_399,630,4,1228152.0,3,4,5,345,Loyal Customers
CMP_400,613,9,1737808.0,3,5,5,355,Loyal Customers
CMP_401,342,2,491733.0,4,2,3,423,Recent Customers
CMP_402,236,5,1095724.0,5,5,5,555,Champions
CMP_403,775,1,269269.0,2,1,2,212,Others
CMP_404,878,3,779015.0,2,3,4,234,At Risk
CMP_407,1000,3,701110.0,1,3,3,133,At Risk
CMP_409,1056,3,451445.0,1,3,3,133,At Risk
CMP_410,664,1,241707.0,3,1,2,312,Others
CMP_411,1160,1,141304.0,1,1,1,111,Others
CMP_412,439,3,396942.0,4,3,2,432,Recent Customers
CMP_413,189,5,1135403.0,5,5,5,555,Champions
CMP_414,504,3,830648.0,3,3,4,334,Others
CMP_415,1184,3,1112148.0,1,3,5,135,At Risk
CMP_416,843,5,430948.0,2,5,2,252,At Risk
CMP_417,1043,4,1182112.0,1,4,5,145,Loyal Customers
CMP_419,1256,4,835690.0,1,4,4,144,Loyal Customers
CMP_420,486,8,1106282.0,4,5,5,455,Champions
CMP_421,383,3,213970.0,4,3,1,431,Recent Customers
CMP_422,886,2,911635.0,2,2,4,224,Others
CMP_424,815,6,748321.0,2,5,4,254,Loyal Customers
CMP_425,911,4,316675.0,2,4,2,242,At Risk
CMP_426,917,2,0.0,2,2,1,221,Others
CMP_427,1138,4,946368.0,1,4,4,144,Loyal Customers
CMP_428,602,8,976717.0,3,5,4,354,Loyal Customers
CMP_430,915,7,2274264.0,2,5,5,255,Loyal Customers
CMP_432,769,3,1019229.0,2,3,4,234,At Risk
CMP_433,190,3,76511.0,5,3,1,531,Recent Customers
CMP_434,142,1,0.0,5,1,1,511,Recent Customers
CMP_436,766,4,316812.0,2,4,2,242,At Risk
CMP_437,1069,2,448041.0,1,2,3,123,Others
CMP_438,965,4,335298.0,2,4,2,242,At Risk
CMP_439,895,1,132276.0,2,1,1,211,Others
CMP_440,688,2,318391.0,3,2,2,322,Others
CMP_441,156,4,1150766.0,5,4,5,545,Champions
CMP_442,1000,1,458186.0,1,1,3,113,Others
CMP_443,1227,3,426702.0,1,3,2,132,At Risk
CMP_444,459,2,417843.0,4,2,2,422,Recent Customers
CMP_445,666,2,570008.0,3,2,3,323,Others
CMP_446,985,2,197218.0,1,2,1,121,Others
CMP_447,1164,2,687621.0,1,2,3,123,Others
CMP_448,101,2,149959.0,5,2,1,521,Recent Customers
CMP_449,762,1,180721.0,2,1,1,211,Others
CMP_450,374,3,490751.0,4,3,3,433,Recent Customers
CMP_451,418,5,635905.0,4,5,3,453,Recent Customers
CMP_452,406,2,671868.0,4,2,3,423,Recent Customers
CMP_453,175,5,456797.0,5,5,3,553,Recent Customers
CMP_454,194,3,971778.0,5,3,4,534,Recent Customers
CMP_455,974,4,491212.0,2,4,3,243,At Risk
CMP_456,691,6,1629999.0,3,5,5,355,Loyal Customers
CMP_457,900,5,1039303.0,2,5,5,255,Loyal Customers
CMP_458,321,2,220800.0,4,2,1,421,Recent Customers
CMP_459,572,3,803832.0,3,3,4,334,Others
CMP_460,934,4,1090467.0,2,4,5,245,Loyal Customers
CMP_461,712,4,747680.0,3,4,4,344,Loyal Customers
CMP_462,92,4,502896.0,5,4,3,543,Recent Customers
CMP_463,707,3,785300.0,3,3,4,334,Others
CMP_464,732,1,0.0,2,1,1,211,Others
CMP_465,349,3,602223.0,4,3,3,433,Recent Customers
CMP_468,1195,1,281306.0,1,1,2,112,Others
CMP_469,271,1,473584.0,5,1,3,513,Recent Customers
CMP_470,107,3,812575.0,5,3,4,534,Recent Customers
CMP_471,458,4,1080534.0,4,4,5,445,Champions
CMP_472,863,3,129043.0,2,3,1,231,At Risk
CMP_473,1096,2,41794.0,1,2,1,121,Others
CMP_474,738,2,104952.0,2,2,1,221,Others
CMP_475,450,5,1224319.0,4,5,5,455,Champions
CMP_476,528,3,612085.0,3,3,3,333,Others
CMP_477,242,1,435481.0,5,1,2,512,Recent Customers
CMP_478,781,3,958551.0,2,3,4,234,At Risk
CMP_479,816,5,893559.0,2,5,4,254,Loyal Customers
CMP_480,949,3,656620.0,2,3,3,233,At Risk
CMP_481,420,3,309718.0,4,3,2,432,Recent Customers
CMP_482,323,3,153098.0,4,3,1,431,Recent Customers
CMP_483,521,1,134183.0,3,1,1,311,Others
CMP_484,570,2,14432.0,3,2,1,321,Others
CMP_485,1180,3,115694.0,1,3,1,131,At Risk
CMP_486,571,4,710945.0,3,4,4,344,Loyal Customers
CMP_487,556,1,236585.0,3,1,2,312,Others
CMP_488,1045,2,63076.0,1,2,1,121,Others
CMP_489,233,5,957458.0,5,5,4,554,Champions
CMP_490,54,2,273131.0,5,2,2,522,Recent Customers
CMP_491,607,3,473010.0,3,3,3,333,Others
CMP_492,499,1,177962.0,3,1,1,311,Others
CMP_493,223,4,1151116.0,5,4,5,545,Champions
CMP_494,1051,1,15814.0,1,1,1,111,Others
CMP_495,658,2,682712.0,3,2,3,323,Others
CMP_496,496,2,496127.0,4,2,3,423,Recent Customers
CMP_498,627,1,268065.0,3,1,2,312,Others
CMP_499,380,3,308441.0,4,3,2,432,Recent Customers
CMP_500,697,3,308219.0,3,3,2,332,Others
CMP_501,1054,1,264084.0,1,1,2,112,Others
CMP_502,444,2,446123.0,4,2,2,422,Recent Customers
CMP_503,1022,6,1169124.0,1,5,5,155,Loyal Customers
CMP_505,1067,4,1179485.0,1,4,5,145,Loyal Customers
CMP_506,1076,8,2020941.0,1,5,5,155,Loyal Customers
CMP_507,183,1,6540.0,5,1,1,511,Recent Customers
CMP_509,577,5,720084.0,3,5,4,354,Loyal Customers
CMP_513,1039,1,139173.0,1,1,1,111,Others
CMP_514,658,3,877255.0,3,3,4,334,Others
CMP_516,1078,6,751532.0,1,5,4,154,Loyal Customers
CMP_517,852,1,294998.0,2,1,2,212,Others
CMP_518,799,4,936662.0,2,4,4,244,Loyal Customers
CMP_519,1146,5,1575927.0,1,5,5,155,Loyal Customers
CMP_520,124,3,792275.0,5,3,4,534,Recent Customers
CMP_521,1117,5,1076608.0,1,5,5,155,Loyal Customers
CMP_522,792,1,160652.0,2,1,1,211,Others
CMP_524,660,4,476045.0,3,4,3,343,Others
CMP_525,543,5,1151060.0,3,5,5,355,Loyal Customers
CMP_526,454,1,360218.0,4,1,2,412,Recent Customers
CMP_527,263,2,280311.0,5,2,2,522,Recent Customers
CMP_528,618,4,261536.0,3,4,2,342,Others
CMP_529,361,1,349106.0,4,1,2,412,Recent Customers
CMP_530,340,2,395733.0,4,2,2,422,Recent Customers
CMP_531,750,1,7391.0,2,1,1,211,Others
CMP_532,118,4,1148582.0,5,4,5,545,Champions
CMP_533,858,5,1072433.0,2,5,5,255,Loyal Customers
CMP_534,575,2,193226.0,3,2,1,321,Others
CMP_535,266,3,1125839.0,5,3,5,535,Recent Customers
CMP_536,198,2,477306.0,5,2,3,523,Recent Customers
CMP_537,947,3,1027483.0,2,3,4,234,At Risk
CMP_538,877,2,73018.0,2,2,1,221,Others
CMP_539,1230,1,368060.0,1,1,2,112,Others
CMP_540,974,2,388551.0,2,2,2,222,Others
CMP_541,1201,5,1534833.0,1,5,5,155,Loyal Customers
CMP_542,105,2,390284.0,5,2,2,522,Recent Customers
CMP_543,603,3,638554.0,3,3,3,333,Others
CMP_544,609,4,966141.0,3,4,4,344,Loyal Customers
CMP_545,981,1,84326.0,2,1,1,211,Others
CMP_546,1175,3,514485.0,1,3,3,133,At Risk
CMP_547,832,1,231511.0,2,1,1,211,Others
CMP_548,689,3,779291.0,3,3,4,334,Others
CMP_549,1157,1,409407.0,1,1,2,112,Others
CMP_550,273,3,638044.0,4,3,3,433,Recent Customers
CMP_551,1042,1,0.0,1,1,1,111,Others
CMP_552,220,2,504451.0,5,2,3,523,Recent Customers
CMP_553,762,3,625951.0,2,3,3,233,At Risk
CMP_554,638,2,0.0,3,2,1,321,Others
CMP_556,131,3,745637.0,5,3,4,534,Recent Customers
CMP_557,715,5,1569308.0,3,5,5,355,Loyal Customers
CMP_558,612,4,595257.0,3,4,3,343,Others
CMP_559,802,9,2045361.0,2,5,5,255,Loyal Customers
CMP_560,845,6,1530840.0,2,5,5,255,Loyal Customers
CMP_561,321,2,844120.0,4,2,4,424,Recent Customers
CMP_562,1108,3,606658.0,1,3,3,133,At Risk
CMP_563,209,3,339390.0,5,3,2,532,Recent Customers
CMP_564,1105,7,2146922.0,1,5,5,155,Loyal Customers
CMP_565,982,6,1334610.0,1,5,5,155,Loyal Customers
CMP_566,1207,1,267534.0,1,1,2,112,Others
CMP_567,136,3,952182.0,5,3,4,534,Recent Customers
CMP_570,868,7,1400634.0,2,5,5,255,Loyal Customers
CMP_571,145,2,604947.0,5,2,3,523,Recent Customers
CMP_573,245,5,769519.0,5,5,4,554,Champions
CMP_574,119,3,387532.0,5,3,2,532,Recent Customers
CMP_575,306,5,1498273.0,4,5,5,455,Champions
CMP_576,261,2,875197.0,5,2,4,524,Recent Customers
CMP_577,772,6,1445410.0,2,5,5,255,Loyal Customers
CMP_578,1157,1,388008.0,1,1,2,112,Others
CMP_579,777,3,406308.0,2,3,2,232,At Risk
CMP_580,543,3,747552.0,3,3,4,334,Others
CMP_581,171,5,642000.0,5,5,3,553,Recent Customers
CMP_582,201,2,413954.0,5,2,2,522,Recent Customers
CMP_583,1010,5,1019229.0,1,5,4,154,Loyal Customers
CMP_584,725,1,169001.0,2,1,1,211,Others
CMP_586,605,1,41596.0,3,1,1,311,Others
CMP_587,498,5,523011.0,4,5,3,453,Recent Customers
CMP_588,1243,1,371879.0,1,1,2,112,Others
CMP_589,847,1,72941.0,2,1,1,211,Others
CMP_590,603,1,449540.0,3,1,3,313,Others
CMP_591,32,3,497550.0,5,3,3,533,Recent Customers
CMP_592,678,4,1121337.0,3,4,5,345,Loyal Customers
CMP_593,624,3,25337.0,3,3,1,331,Others
CMP_594,737,2,369505.0,2,2,2,222,Others
CMP_595,863,1,0.0,2,1,1,211,Others
CMP_596,211,1,16442.0,5,1,1,511,Recent Customers
CMP_597,699,6,1377986.0,3,5,5,355,Loyal Customers
CMP_598,1104,3,741481.0,1,3,4,134,At Risk
CMP_599,44,1,185610.0,5,1,1,511,Recent Customers
CMP_600,1125,1,36064.0,1,1,1,111,Others
CMP_601,739,2,13474.0,2,2,1,221,Others
CMP_602,128,3,817657.0,5,3,4,534,Recent Customers
CMP_603,309,1,78332.0,4,1,1,411,Recent Customers
CMP_604,482,1,0.0,4,1,1,411,Recent Customers
CMP_605,498,1,421653.0,4,1,2,412,Recent Customers
CMP_606,862,5,874681.0,2,5,4,254,Loyal Customers
CMP_607,746,1,158433.0,2,1,1,211,Others
CMP_608,366,5,489292.0,4,5,3,453,Recent Customers
CMP_609,540,4,993311.0,3,4,4,344,Loyal Customers
CMP_611,438,1,180373.0,4,1,1,411,Recent Customers
CMP_612,1088,1,158591.0,1,1,1,111,Others
CMP_613,1018,3,306392.0,1,3,2,132,At Risk
CMP_614,400,3,505722.0,4,3,3,433,Recent Customers
CMP_616,500,1,165131.0,3,1,1,311,Others
CMP_617,1208,4,917370.0,1,4,4,144,Loyal Customers
CMP_618,506,6,920353.0,3,5,4,354,Loyal Customers
CMP_619,782,3,268672.0,2,3,2,232,At Risk
CMP_620,1137,2,565367.0,1,2,3,123,Others
CMP_621,1120,1,0.0,1,1,1,111,Others
CMP_622,975,5,773534.0,2,5,4,254,Loyal Customers
CMP_623,584,3,624236.0,3,3,3,333,Others
CMP_624,477,4,1303279.0,4,4,5,445,Champions
CMP_625,332,6,493426.0,4,5,3,453,Recent Customers
CMP_626,470,4,460643.0,4,4,3,443,Recent Customers
CMP_627,1070,2,491161.0,1,2,3,123,Others
CMP_628,1031,5,493464.0,1,5,3,153,At Risk
CMP_629,36,4,216660.0,5,4,1,541,Recent Customers
CMP_630,290,3,873626.0,4,3,4,434,Recent Customers
CMP_631,657,2,344758.0,3,2,2,322,Others
CMP_632,1221,3,502477.0,1,3,3,133,At Risk
CMP_633,856,1,235392.0,2,1,2,212,Others
CMP_634,791,2,211071.0,2,2,1,221,Others
CMP_635,755,6,1221875.0,2,5,5,255,Loyal Customers
CMP_636,1116,4,526846.0,1,4,3,143,At Risk
CMP_637,676,4,124212.0,3,4,1,341,Others
CMP_639,147,5,793386.0,5,5,4,554,Champions
CMP_640,1236,5,1261042.0,1,5,5,155,Loyal Customers
CMP_641,689,1,16838.0,3,1,1,311,Others
CMP_642,340,2,298425.0,4,2,2,422,Recent Customers
CMP_643,919,2,299858.0,2,2,2,222,Others
CMP_644,877,4,966756.0,2,4,4,244,Loyal Customers
CMP_645,680,5,1020943.0,3,5,4,354,Loyal Customers
CMP_646,675,3,551611.0,3,3,3,333,Others
CMP_647,335,6,706273.0,4,5,3,453,Recent Customers
CMP_648,496,5,1613125.0,4,5,5,455,Champions
CMP_649,981,1,250625.0,2,1,2,212,Others
CMP_650,967,2,240408.0,2,2,2,222,Others
CMP_651,950,1,90397.0,2,1,1,211,Others
CMP_652,98,3,541330.0,5,3,3,533,Recent Customers
CMP_653,70,7,1816442.0,5,5,5,555,Champions
CMP_654,639,6,964962.0,3,5,4,354,Loyal Customers
CMP_655,1242,4,958172.0,1,4,4,144,Loyal Customers
CMP_656,611,1,206061.0,3,1,1,311,Others
CMP_657,348,5,688800.0,4,5,3,453,Recent Customers
CMP_658,104,6,1387016.0,5,5,5,555,Champions
CMP_659,25,5,1241850.0,5,5,5,555,Champions
CMP_660,339,2,453150.0,4,2,3,423,Recent Customers
CMP_661,56,2,472775.0,5,2,3,523,Recent Customers
CMP_662,1156,9,2213344.0,1,5,5,155,Loyal Customers
CMP_663,723,2,141009.0,3,2,1,321,Others
CMP_664,196,1,0.0,5,1,1,511,Recent Customers
CMP_665,789,3,278222.0,2,3,2,232,At Risk
CMP_666,192,5,1987332.0,5,5,5,555,Champions
CMP_667,1256,4,262478.0,1,4,2,142,At Risk
CMP_668,398,6,1146983.0,4,5,5,455,Champions
CMP_669,82,3,201461.0,5,3,1,531,Recent Customers
CMP_670,327,1,259903.0,4,1,2,412,Recent Customers
CMP_672,634,7,2237077.0,3,5,5,355,Loyal Customers
CMP_673,208,6,600150.0,5,5,3,553,Recent Customers
CMP_674,1181,3,778146.0,1,3,4,134,At Risk
CMP_676,711,4,529160.0,3,4,3,343,Others
CMP_677,272,3,476693.0,4,3,3,433,Recent Customers
CMP_678,866,5,1395898.0,2,5,5,255,Loyal Customers
CMP_679,752,3,866654.0,2,3,4,234,At Risk
CMP_680,936,5,1539015.0,2,5,5,255,Loyal Customers
CMP_681,1140,5,1596710.0,1,5,5,155,Loyal Customers
CMP_682,654,2,375018.0,3,2,2,322,Others
CMP_684,418,2,481167.0,4,2,3,423,Recent Customers
CMP_685,322,3,1141073.0,4,3,5,435,Recent Customers
CMP_686,516,4,525930.0,3,4,3,343,Others
CMP_687,265,3,1144949.0,5,3,5,535,Recent Customers
CMP_688,361,6,943592.0,4,5,4,454,Champions
CMP_690,709,2,495300.0,3,2,3,323,Others
CMP_691,959,1,0.0,2,1,1,211,Others
CMP_692,169,3,1144265.0,5,3,5,535,Recent Customers
CMP_694,281,3,600639.0,4,3,3,433,Recent Customers
CMP_695,58,1,0.0,5,1,1,511,Recent Customers
CMP_696,484,2,103805.0,4,2,1,421,Recent Customers
CMP_697,496,2,308678.0,4,2,2,422,Recent Customers
CMP_698,661,2,323111.0,3,2,2,322,Others
CMP_699,87,4,1394497.0,5,4,5,545,Champions
CMP_700,547,3,891830.0,3,3,4,334,Others
CMP_701,462,6,1613012.0,4,5,5,455,Champions
CMP_702,1009,1,0.0,1,1,1,111,Others
CMP_703,953,6,1178516.0,2,5,5,255,Loyal Customers
CMP_705,442,2,494910.0,4,2,3,423,Recent Customers
CMP_706,982,4,620486.0,1,4,3,143,At Risk
CMP_707,206,2,23932.0,5,2,1,521,Recent Customers
CMP_708,113,4,644381.0,5,4,3,543,Recent Customers
CMP_710,316,2,468633.0,4,2,3,423,Recent Customers
CMP_711,135,3,942398.0,5,3,4,534,Recent Customers
CMP_713,566,3,497176.0,3,3,3,333,Others
CMP_714,88,4,207666.0,5,4,1,541,Recent Customers
CMP_715,1078,5,688162.0,1,5,3,153,At Risk
CMP_716,152,2,253951.0,5,2,2,522,Recent Customers
CMP_717,986,3,1036909.0,1,3,4,134,At Risk
CMP_718,1173,3,785341.0,1,3,4,134,At Risk
CMP_719,917,3,393669.0,2,3,2,232,At Risk
CMP_720,233,1,318507.0,5,1,2,512,Recent Customers
CMP_721,1137,1,0.0,1,1,1,111,Others
CMP_722,1113,4,1276534.0,1,4,5,145,Loyal Customers
CMP_723,934,3,301159.0,2,3,2,232,At Risk
CMP_724,1107,1,414297.0,1,1,2,112,Others
CMP_725,609,3,44498.0,3,3,1,331,Others
CMP_727,365,3,483992.0,4,3,3,433,Recent Customers
CMP_728,1174,4,1087105.0,1,4,5,145,Loyal Customers
CMP_729,746,3,983220.0,2,3,4,234,At Risk
CMP_730,913,1,73281.0,2,1,1,211,Others
CMP_732,476,3,439961.0,4,3,2,432,Recent Customers
CMP_733,37,3,447505.0,5,3,3,533,Recent Customers
CMP_734,581,2,108636.0,3,2,1,321,Others
CMP_736,207,6,1482496.0,5,5,5,555,Champions
CMP_737,1103,3,726010.0,1,3,4,134,At Risk
CMP_738,920,3,1004670.0,2,3,4,234,At Risk
CMP_739,1075,3,988692.0,1,3,4,134,At Risk
CMP_741,686,3,726508.0,3,3,4,334,Others
CMP_742,159,2,798479.0,5,2,4,524,Recent Customers
CMP_743,361,3,717643.0,4,3,4,434,Recent Customers
CMP_744,1112,5,1286694.0,1,5,5,155,Loyal Customers
CMP_745,790,2,788841.0,2,2,4,224,Others
CMP_746,833,3,1090435.0,2,3,5,235,At Risk
CMP_747,379,2,404901.0,4,2,2,422,Recent Customers
CMP_748,872,6,1424196.0,2,5,5,255,Loyal Customers
CMP_749,485,1,32331.0,4,1,1,411,Recent Customers
CMP_750,761,9,2129690.0,2,5,5,255,Loyal Customers
CMP_751,420,3,921686.0,4,3,4,434,Recent Customers
CMP_752,605,4,109306.0,3,4,1,341,Others
CMP_753,657,1,232177.0,3,1,2,312,Others
CMP_754,273,3,284885.0,4,3,2,432,Recent Customers
CMP_755,615,6,1164823.0,3,5,5,355,Loyal Customers
CMP_757,635,1,313020.0,3,1,2,312,Others
CMP_758,497,5,654383.0,4,5,3,453,Recent Customers
CMP_759,1181,1,0.0,1,1,1,111,Others
CMP_760,561,4,1133364.0,3,4,5,345,Loyal Customers
CMP_761,417,1,360057.0,4,1,2,412,Recent Customers
CMP_762,663,2,152557.0,3,2,1,321,Others
CMP_763,1141,3,815577.0,1,3,4,134,At Risk
CMP_764,979,3,753455.0,2,3,4,234,At Risk
CMP_765,35,4,602161.0,5,4,3,543,Recent Customers
CMP_766,699,4,923664.0,3,4,4,344,Loyal Customers
CMP_767,378,4,1040625.0,4,4,5,445,Champions
CMP_768,1197,4,1092355.0,1,4,5,145,Loyal Customers
CMP_769,747,2,176657.0,2,2,1,221,Others
CMP_770,759,2,0.0,2,2,1,221,Others
CMP_771,639,4,923905.0,3,4,4,344,Loyal Customers
CMP_772,193,1,251482.0,5,1,2,512,Recent Customers
CMP_773,137,4,990370.0,5,4,4,544,Champions
CMP_774,629,1,57547.0,3,1,1,311,Others
CMP_775,507,1,324312.0,3,1,2,312,Others
CMP_776,1013,5,442669.0,1,5,2,152,At Risk
CMP_777,202,4,941951.0,5,4,4,544,Champions
CMP_778,597,5,1531444.0,3,5,5,355,Loyal Customers
CMP_779,521,4,786840.0,3,4,4,344,Loyal Customers
CMP_781,531,2,590788.0,3,2,3,323,Others
CMP_782,772,3,597523.0,2,3,3,233,At Risk
CMP_783,588,1,0.0,3,1,1,311,Others
CMP_784,607,1,427701.0,3,1,2,312,Others
CMP_785,69,2,324344.0,5,2,2,522,Recent Customers
CMP_786,891,4,731479.0,2,4,4,244,Loyal Customers
CMP_788,651,7,1513510.0,3,5,5,355,Loyal Customers
CMP_789,451,3,190178.0,4,3,1,431,Recent Customers
CMP_790,457,1,211152.0,4,1,1,411,Recent Customers
CMP_791,767,1,319893.0,2,1,2,212,Others
CMP_793,318,3,387938.0,4,3,2,432,Recent Customers
CMP_794,376,3,181213.0,4,3,1,431,Recent Customers
CMP_795,255,2,425105.0,5,2,2,522,Recent Customers
CMP_796,26,3,726592.0,5,3,4,534,Recent Customers
CMP_797,388,3,127512.0,4,3,1,431,Recent Customers
CMP_798,1065,1,144941.0,1,1,1,111,Others
CMP_799,162,2,779052.0,5,2,4,524,Recent Customers
CMP_800,581,2,557445.0,3,2,3,323,Others
CMP_801,513,5,1128642.0,3,5,5,355,Loyal Customers
CMP_802,342,1,0.0,4,1,1,411,Recent Customers
CMP_803,432,4,893023.0,4,4,4,444,Champions
CMP_804,894,6,1371335.0,2,5,5,255,Loyal Customers
CMP_806,1235,1,0.0,1,1,1,111,Others
CMP_807,703,5,1062940.0,3,5,5,355,Loyal Customers
CMP_808,1187,4,1266855.0,1,4,5,145,Loyal Customers
CMP_810,647,6,1215596.0,3,5,5,355,Loyal Customers
CMP_811,601,3,381760.0,3,3,2,332,Others
CMP_812,79,2,164607.0,5,2,1,521,Recent Customers
CMP_813,1074,2,709414.0,1,2,3,123,Others
CMP_815,835,1,380679.0,2,1,2,212,Others
CMP_816,675,1,450731.0,3,1,3,313,Others
CMP_817,42,6,844990.0,5,5,4,554,Champions
CMP_818,776,3,89289.0,2,3,1,231,At Risk
CMP_819,1020,1,0.0,1,1,1,111,Others
CMP_820,488,2,238940.0,4,2,2,422,Recent Customers
CMP_823,828,5,1724030.0,2,5,5,255,Loyal Customers
CMP_824,915,4,712012.0,2,4,4,244,Loyal Customers
CMP_825,1119,5,1565947.0,1,5,5,155,Loyal Customers
CMP_826,546,5,1226265.0,3,5,5,355,Loyal Customers
CMP_827,521,3,1091487.0,3,3,5,335,Others
CMP_828,983,3,413244.0,1,3,2,132,At Risk
CMP_829,1069,2,302490.0,1,2,2,122,Others
CMP_830,606,3,578566.0,3,3,3,333,Others
CMP_831,1219,1,146275.0,1,1,1,111,Others
CMP_832,160,3,235126.0,5,3,2,532,Recent Customers
CMP_833,1154,1,0.0,1,1,1,111,Others
CMP_834,1005,4,733087.0,1,4,4,144,Loyal Customers
CMP_835,602,7,1088291.0,3,5,5,355,Loyal Customers
CMP_836,152,2,791448.0,5,2,4,524,Recent Customers
CMP_837,629,4,1297764.0,3,4,5,345,Loyal Customers
CMP_838,515,2,138557.0,3,2,1,321,Others
CMP_839,586,5,763890.0,3,5,4,354,Loyal Customers
CMP_840,296,3,693822.0,4,3,3,433,Recent Customers
CMP_841,408,3,306216.0,4,3,2,432,Recent Customers
CMP_842,785,2,0.0,2,2,1,221,Others
CMP_843,988,1,446557.0,1,1,2,112,Others
CMP_844,285,2,353724.0,4,2,2,422,Recent Customers
CMP_845,497,5,770309.0,4,5,4,454,Champions
CMP_846,232,1,37752.0,5,1,1,511,Recent Customers
CMP_847,76,3,1223894.0,5,3,5,535,Recent Customers
CMP_848,1060,3,905686.0,1,3,4,134,At Risk
CMP_849,745,3,619646.0,2,3,3,233,At Risk
CMP_850,360,6,1379562.0,4,5,5,455,Champions
CMP_851,1079,1,0.0,1,1,1,111,Others
CMP_852,307,3,534544.0,4,3,3,433,Recent Customers
CMP_853,987,4,1583754.0,1,4,5,145,Loyal Customers
CMP_854,1056,3,708803.0,1,3,3,133,At Risk
CMP_855,939,1,109400.0,2,1,1,211,Others
CMP_856,540,4,662744.0,3,4,3,343,Others
CMP_857,1027,4,1154444.0,1,4,5,145,Loyal Customers
CMP_858,1070,7,655828.0,1,5,3,153,At Risk
CMP_860,385,3,547321.0,4,3,3,433,Recent Customers
CMP_861,102,3,874720.0,5,3,4,534,Recent Customers
CMP_863,356,6,1927865.0,4,5,5,455,Champions
CMP_864,345,2,675902.0,4,2,3,423,Recent Customers
CMP_865,739,2,431892.0,2,2,2,222,Others
CMP_866,773,1,260468.0,2,1,2,212,Others
CMP_867,65,3,922395.0,5,3,4,534,Recent Customers
CMP_868,921,4,660003.0,2,4,3,243,At Risk
CMP_869,193,2,58965.0,5,2,1,521,Recent Customers
CMP_870,124,2,79606.0,5,2,1,521,Recent Customers
CMP_871,210,3,548868.0,5,3,3,533,Recent Customers
CMP_872,660,5,1844440.0,3,5,5,355,Loyal Customers
CMP_873,250,4,960805.0,5,4,4,544,Champions
CMP_874,1091,3,753372.0,1,3,4,134,At Risk
CMP_875,707,2,580725.0,3,2,3,323,Others
CMP_879,548,3,233616.0,3,3,2,332,Others
CMP_880,395,5,291253.0,4,5,2,452,Recent Customers
CMP_881,456,2,194508.0,4,2,1,421,Recent Customers
CMP_882,443,2,538802.0,4,2,3,423,Recent Customers
CMP_883,540,1,462818.0,3,1,3,313,Others
CMP_884,998,3,277579.0,1,3,2,132,At Risk
CMP_885,793,1,214488.0,2,1,1,211,Others
CMP_886,1250,5,356241.0,1,5,2,152,At Risk
CMP_887,540,4,804435.0,3,4,4,344,Loyal Customers
CMP_888,1009,4,1233267.0,1,4,5,145,Loyal Customers
CMP_889,1075,3,900345.0,1,4,4,144,Loyal Customers
CMP_890,855,2,543556.0,2,2,3,223,Others
CMP_891,320,1,414437.0,4,1,2,412,Recent Customers
CMP_892,653,1,175002.0,3,1,1,311,Others
CMP_893,847,2,255710.0,2,2,2,222,Others
CMP_894,950,2,417099.0,2,2,2,222,Others
CMP_895,733,3,767374.0,2,4,4,244,Loyal Customers
CMP_896,1209,4,377692.0,1,4,2,142,At Risk
CMP_897,702,2,33280.0,3,2,1,321,Others
CMP_898,229,5,1487186.0,5,5,5,555,Champions
CMP_899,250,4,327482.0,5,4,2,542,Recent Customers
CMP_900,972,3,535795.0,2,4,3,243,At Risk
CMP_901,846,2,198024.0,2,2,1,221,Others
CMP_902,1003,2,232943.0,1,2,2,122,Others
CMP_903,936,6,1432326.0,2,5,5,255,Loyal Customers
CMP_904,102,3,353719.0,5,4,2,542,Recent Customers
CMP_905,1081,3,315841.0,1,4,2,142,At Risk
CMP_906,186,2,270334.0,5,2,2,522,Recent Customers
CMP_907,1144,2,385159.0,1,2,2,122,Others
CMP_909,624,5,882016.0,3,5,4,354,Loyal Customers
CMP_910,955,2,0.0,2,2,1,221,Others
CMP_911,304,3,426149.0,4,4,2,442,Recent Customers
CMP_912,50,1,328661.0,5,1,2,512,Recent Customers
CMP_913,937,2,460115.0,2,2,3,223,Others
CMP_915,496,5,942366.0,4,5,4,454,Champions
CMP_916,1009,5,236495.0,1,5,2,152,At Risk
CMP_917,821,3,1124499.0,2,4,5,245,Loyal Customers
CMP_918,1101,5,989021.0,1,5,4,154,Loyal Customers
CMP_919,1239,2,782491.0,1,2,4,124,Others
CMP_920,107,6,1177774.0,5,5,5,555,Champions
CMP_921,1005,4,1109674.0,1,4,5,145,Loyal Customers
CMP_922,1140,8,1267924.0,1,5,5,155,Loyal Customers
CMP_923,289,1,339053.0,4,1,2,412,Recent Customers
CMP_924,264,2,228671.0,5,2,1,521,Recent Customers
CMP_925,602,1,218288.0,3,1,1,311,Others
CMP_926,375,5,1415577.0,4,5,5,455,Champions
CMP_928,978,2,597590.0,2,2,3,223,Others
CMP_929,968,4,799976.0,2,4,4,244,Loyal Customers
CMP_930,298,5,1029685.0,4,5,4,454,Champions
CMP_931,877,4,723320.0,2,4,4,244,Loyal Customers
CMP_932,182,3,673818.0,5,4,3,543,Recent Customers
CMP_933,364,1,244760.0,4,1,2,412,Recent Customers
CMP_934,950,1,0.0,2,1,1,211,Others
CMP_935,198,4,921777.0,5,4,4,544,Champions
CMP_936,1040,4,758122.0,1,4,4,144,Loyal Customers
CMP_937,423,4,868535.0,4,4,4,444,Champions
CMP_938,1204,5,1066975.0,1,5,5,155,Loyal Customers
CMP_939,938,4,1538150.0,2,4,5,245,Loyal Customers
CMP_940,1257,1,307675.0,1,1,2,112,Others
CMP_941,642,4,1003169.0,3,4,4,344,Loyal Customers
CMP_942,1076,2,344935.0,1,2,2,122,Others
CMP_943,979,2,680629.0,2,2,3,223,Others
CMP_944,54,3,611324.0,5,4,3,543,Recent Customers
CMP_945,102,6,1468805.0,5,5,5,555,Champions
CMP_946,699,3,103507.0,3,4,1,341,Others
CMP_947,1134,1,114656.0,1,1,1,111,Others
CMP_948,134,2,4201.0,5,2,1,521,Recent Customers
CMP_950,666,7,1229299.0,3,5,5,355,Loyal Customers
CMP_951,888,2,580214.0,2,2,3,223,Others
CMP_952,139,3,761299.0,5,4,4,544,Champions
CMP_953,1225,2,480757.0,1,2,3,123,Others
CMP_954,475,3,708479.0,4,4,3,443,Recent Customers
CMP_955,45,1,270659.0,5,1,2,512,Recent Customers
CMP_956,426,2,490769.0,4,2,3,423,Recent Customers
CMP_957,908,5,440073.0,2,5,2,252,At Risk
CMP_958,940,6,1500058.0,2,5,5,255,Loyal Customers
CMP_959,446,9,2044310.0,4,5,5,455,Champions
CMP_960,490,3,156835.0,4,4,1,441,Recent Customers
CMP_961,355,2,687407.0,4,2,3,423,Recent Customers
CMP_962,116,3,766514.0,5,4,4,544,Champions
CMP_963,1,3,490634.0,5,4,3,543,Recent Customers
CMP_964,268,7,486027.0,5,5,3,553,Recent Customers
CMP_965,424,6,737702.0,4,5,4,454,Champions
CMP_966,859,3,991845.0,2,4,4,244,Loyal Customers
CMP_967,81,3,340793.0,5,4,2,542,Recent Customers
CMP_968,587,3,1072889.0,3,4,5,345,Loyal Customers
CMP_970,343,6,1739465.0,4,5,5,455,Champions
CMP_973,488,1,284851.0,4,1,2,412,Recent Customers
CMP_974,226,9,1285102.0,5,5,5,555,Champions
CMP_975,668,3,423258.0,3,4,2,342,Others
CMP_976,297,3,789428.0,4,4,4,444,Champions
CMP_977,218,5,763805.0,5,5,4,554,Champions
CMP_978,715,5,1539484.0,3,5,5,355,Loyal Customers
CMP_979,457,8,2227863.0,4,5,5,455,Champions
CMP_980,445,3,511846.0,4,4,3,443,Recent Customers
CMP_981,882,6,894626.0,2,5,4,254,Loyal Customers
CMP_982,693,2,475824.0,3,2,3,323,Others
CMP_983,1048,3,173058.0,1,4,1,141,At Risk
CMP_984,113,6,1936959.0,5,5,5,555,Champions
CMP_985,463,3,635856.0,4,4,3,443,Recent Customers
CMP_986,632,3,272329.0,3,4,2,342,Others
CMP_987,868,4,373295.0,2,4,2,242,At Risk
CMP_988,1093,3,424541.0,1,4,2,142,At Risk
CMP_989,467,4,1129819.0,4,4,5,445,Champions
CMP_990,587,6,1234384.0,3,5,5,355,Loyal Customers
CMP_991,966,2,276593.0,2,2,2,222,Others
CMP_993,1143,2,627772.0,1,2,3,123,Others
CMP_994,1122,1,449915.0,1,1,3,113,Others
CMP_995,821,5,300801.0,2,5,2,252,At Risk
CMP_996,672,1,17552.0,3,1,1,311,Others
CMP_998,604,3,643911.0,3,4,3,343,Others
CMP_999,174,9,1452426.0,5,5,5,555,Champions
